{
    "name": "root",
    "gauges": {
        "AttackBehavior.Policy.Entropy.mean": {
            "value": 2.4820539951324463,
            "min": 2.42714524269104,
            "max": 3.827385902404785,
            "count": 188
        },
        "AttackBehavior.Policy.Entropy.sum": {
            "value": 46940.60546875,
            "min": 44883.92578125,
            "max": 107877.3046875,
            "count": 188
        },
        "AttackBehavior.Environment.EpisodeLength.mean": {
            "value": 355.44827586206895,
            "min": 201.12765957446808,
            "max": 391.53846153846155,
            "count": 188
        },
        "AttackBehavior.Environment.EpisodeLength.sum": {
            "value": 20616.0,
            "min": 15352.0,
            "max": 28902.0,
            "count": 188
        },
        "AttackBehavior.Step.mean": {
            "value": 5819962.0,
            "min": 2079856.0,
            "max": 5819962.0,
            "count": 188
        },
        "AttackBehavior.Step.sum": {
            "value": 5819962.0,
            "min": 2079856.0,
            "max": 5819962.0,
            "count": 188
        },
        "AttackBehavior.Policy.ExtrinsicValueEstimate.mean": {
            "value": 0.12411004304885864,
            "min": -0.07351553440093994,
            "max": 0.18735668063163757,
            "count": 188
        },
        "AttackBehavior.Policy.ExtrinsicValueEstimate.sum": {
            "value": 7.074272632598877,
            "min": -6.110891819000244,
            "max": 10.17959213256836,
            "count": 188
        },
        "AttackBehavior.Environment.CumulativeReward.mean": {
            "value": 2.017543859649123,
            "min": -0.6,
            "max": 3.2745098039215685,
            "count": 188
        },
        "AttackBehavior.Environment.CumulativeReward.sum": {
            "value": 115.0,
            "min": -54.0,
            "max": 167.0,
            "count": 188
        },
        "AttackBehavior.Policy.ExtrinsicReward.mean": {
            "value": 2.017543859649123,
            "min": -0.6,
            "max": 3.2745098039215685,
            "count": 188
        },
        "AttackBehavior.Policy.ExtrinsicReward.sum": {
            "value": 115.0,
            "min": -54.0,
            "max": 167.0,
            "count": 188
        },
        "AttackBehavior.IsTraining.mean": {
            "value": 1.0,
            "min": 1.0,
            "max": 1.0,
            "count": 188
        },
        "AttackBehavior.IsTraining.sum": {
            "value": 1.0,
            "min": 1.0,
            "max": 1.0,
            "count": 188
        },
        "AttackBehavior.Losses.PolicyLoss.mean": {
            "value": 0.01621205935953185,
            "min": 0.012146112328628078,
            "max": 0.0236696430365555,
            "count": 178
        },
        "AttackBehavior.Losses.PolicyLoss.sum": {
            "value": 0.01621205935953185,
            "min": 0.012146112328628078,
            "max": 0.0236696430365555,
            "count": 178
        },
        "AttackBehavior.Losses.ValueLoss.mean": {
            "value": 0.13304536398500205,
            "min": 0.005516670885429319,
            "max": 0.16149249710142613,
            "count": 178
        },
        "AttackBehavior.Losses.ValueLoss.sum": {
            "value": 0.13304536398500205,
            "min": 0.005516670885429319,
            "max": 0.16149249710142613,
            "count": 178
        },
        "AttackBehavior.Policy.LearningRate.mean": {
            "value": 0.0002,
            "min": 0.0002,
            "max": 0.00020000000000000006,
            "count": 178
        },
        "AttackBehavior.Policy.LearningRate.sum": {
            "value": 0.0002,
            "min": 0.0002,
            "max": 0.00020000000000000006,
            "count": 178
        },
        "AttackBehavior.Policy.Epsilon.mean": {
            "value": 0.15,
            "min": 0.15,
            "max": 0.15000000000000002,
            "count": 178
        },
        "AttackBehavior.Policy.Epsilon.sum": {
            "value": 0.15,
            "min": 0.15,
            "max": 0.15000000000000002,
            "count": 178
        },
        "AttackBehavior.Policy.Beta.mean": {
            "value": 0.003,
            "min": 0.0029999999999999996,
            "max": 0.003,
            "count": 178
        },
        "AttackBehavior.Policy.Beta.sum": {
            "value": 0.003,
            "min": 0.0029999999999999996,
            "max": 0.003,
            "count": 178
        }
    },
    "metadata": {
        "timer_format_version": "0.1.0",
        "start_time_seconds": "1636013531",
        "python_version": "3.8.10 (tags/v3.8.10:3d8993a, May  3 2021, 11:48:03) [MSC v.1928 64 bit (AMD64)]",
        "command_line_arguments": "C:\\Users\\lukma\\AppData\\Local\\Programs\\Python\\Python38\\Scripts\\mlagents-learn AttackBehavior.yaml --run-id=attack_01 --resume",
        "mlagents_version": "0.26.0",
        "mlagents_envs_version": "0.26.0",
        "communication_protocol_version": "1.5.0",
        "pytorch_version": "1.8.2+cu102",
        "numpy_version": "1.21.3",
        "end_time_seconds": "1636018410"
    },
    "total": 4878.4170684,
    "count": 1,
    "self": 0.012263900000107242,
    "children": {
        "run_training.setup": {
            "total": 0.1108578,
            "count": 1,
            "self": 0.1108578
        },
        "TrainerController.start_learning": {
            "total": 4878.2939467,
            "count": 1,
            "self": 2.273093199944924,
            "children": {
                "TrainerController._reset_env": {
                    "total": 11.5710884,
                    "count": 1,
                    "self": 11.5710884
                },
                "TrainerController.advance": {
                    "total": 4864.238363800055,
                    "count": 122939,
                    "self": 2.4917784001609107,
                    "children": {
                        "env_step": {
                            "total": 3904.1136074998644,
                            "count": 122939,
                            "self": 2997.9645855998606,
                            "children": {
                                "SubprocessEnvManager._take_step": {
                                    "total": 904.5167016000835,
                                    "count": 122939,
                                    "self": 14.351862000055007,
                                    "children": {
                                        "TorchPolicy.evaluate": {
                                            "total": 890.1648396000285,
                                            "count": 236044,
                                            "self": 168.5081142000122,
                                            "children": {
                                                "TorchPolicy.sample_actions": {
                                                    "total": 721.6567254000163,
                                                    "count": 236044,
                                                    "self": 721.6567254000163
                                                }
                                            }
                                        }
                                    }
                                },
                                "workers": {
                                    "total": 1.6323202999206163,
                                    "count": 122938,
                                    "self": 0.0,
                                    "children": {
                                        "worker_root": {
                                            "total": 4864.613139399968,
                                            "count": 122938,
                                            "is_parallel": true,
                                            "self": 2115.592693699975,