{
    "name": "root",
    "gauges": {
        "AttackBehavior.Policy.Entropy.mean": {
            "value": 3.5489883422851562,
            "min": 0.581476628780365,
            "max": 3.5840306282043457,
            "count": 1218
        },
        "AttackBehavior.Policy.Entropy.sum": {
            "value": 68708.4140625,
            "min": 7077.29443359375,
            "max": 76294.765625,
            "count": 1218
        },
        "AttackBehavior.Environment.EpisodeLength.mean": {
            "value": 192.50980392156862,
            "min": 181.29090909090908,
            "max": 799.0,
            "count": 1218
        },
        "AttackBehavior.Environment.EpisodeLength.sum": {
            "value": 19636.0,
            "min": 8544.0,
            "max": 25176.0,
            "count": 1218
        },
        "AttackBehavior.Step.mean": {
            "value": 39999842.0,
            "min": 15639942.0,
            "max": 39999842.0,
            "count": 1219
        },
        "AttackBehavior.Step.sum": {
            "value": 39999842.0,
            "min": 15639942.0,
            "max": 39999842.0,
            "count": 1219
        },
        "AttackBehavior.Policy.ExtrinsicValueEstimate.mean": {
            "value": -0.1209937185049057,
            "min": -0.5167945027351379,
            "max": 0.31513798236846924,
            "count": 1219
        },
        "AttackBehavior.Policy.ExtrinsicValueEstimate.sum": {
            "value": -12.462352752685547,
            "min": -16.841020584106445,
            "max": 13.177453994750977,
            "count": 1219
        },
        "AttackBehavior.Environment.CumulativeReward.mean": {
            "value": -1.0,
            "min": -22.100001176198322,
            "max": 12.1928562607084,
            "count": 1219
        },
        "AttackBehavior.Environment.CumulativeReward.sum": {
            "value": -103.0,
            "min": -132.60000705718994,
            "max": 341.3999752998352,
            "count": 1219
        },
        "AttackBehavior.Policy.ExtrinsicReward.mean": {
            "value": -1.0,
            "min": -22.100001176198322,
            "max": 12.1928562607084,
            "count": 1219
        },
        "AttackBehavior.Policy.ExtrinsicReward.sum": {
            "value": -103.0,
            "min": -132.60000705718994,
            "max": 341.3999752998352,
            "count": 1219
        },
        "AttackBehavior.IsTraining.mean": {
            "value": 1.0,
            "min": 1.0,
            "max": 1.0,
            "count": 1219
        },
        "AttackBehavior.IsTraining.sum": {
            "value": 1.0,
            "min": 1.0,
            "max": 1.0,
            "count": 1219
        },
        "AttackBehavior.Losses.PolicyLoss.mean": {
            "value": 0.021875946962973104,
            "min": 0.010044953203760087,
            "max": 0.024080515245441348,
            "count": 1158
        },
        "AttackBehavior.Losses.PolicyLoss.sum": {
            "value": 0.021875946962973104,
            "min": 0.010044953203760087,
            "max": 0.024080515245441348,
            "count": 1158
        },
        "AttackBehavior.Losses.ValueLoss.mean": {
            "value": 0.02478396617807448,
            "min": 0.023778355028480292,
            "max": 0.3061315837231549,
            "count": 1158
        },
        "AttackBehavior.Losses.ValueLoss.sum": {
            "value": 0.02478396617807448,
            "min": 0.023778355028480292,
            "max": 0.3061315837231549,
            "count": 1158
        },
        "AttackBehavior.Policy.LearningRate.mean": {
            "value": 0.0002,
            "min": 0.0002,
            "max": 0.00020000000000000006,
            "count": 1158
        },
        "AttackBehavior.Policy.LearningRate.sum": {
            "value": 0.0002,
            "min": 0.0002,
            "max": 0.00020000000000000006,
            "count": 1158
        },
        "AttackBehavior.Policy.Epsilon.mean": {
            "value": 0.15,
            "min": 0.15,
            "max": 0.15000000000000002,
            "count": 1158
        },
        "AttackBehavior.Policy.Epsilon.sum": {
            "value": 0.15,
            "min": 0.15,
            "max": 0.15000000000000002,
            "count": 1158
        },
        "AttackBehavior.Policy.Beta.mean": {
            "value": 0.003,
            "min": 0.0029999999999999996,
            "max": 0.003,
            "count": 1158
        },
        "AttackBehavior.Policy.Beta.sum": {
            "value": 0.003,
            "min": 0.0029999999999999996,
            "max": 0.003,
            "count": 1158
        }
    },
    "metadata": {
        "timer_format_version": "0.1.0",
        "start_time_seconds": "1637577505",
        "python_version": "3.8.10 (tags/v3.8.10:3d8993a, May  3 2021, 11:48:03) [MSC v.1928 64 bit (AMD64)]",
        "command_line_arguments": "C:\\Users\\lukma\\AppData\\Local\\Programs\\Python\\Python38\\Scripts\\mlagents-learn attackBehavior.yaml --initialize-from=walk_01",
        "mlagents_version": "0.26.0",
        "mlagents_envs_version": "0.26.0",
        "communication_protocol_version": "1.5.0",
        "pytorch_version": "1.8.2+cu102",
        "numpy_version": "1.21.3",
        "end_time_seconds": "1637609653"
    },
    "total": 32147.9559737,
    "count": 1,
    "self": 0.06883250000464614,
    "children": {
        "run_training.setup": {
            "total": 0.2011497000000002,
            "count": 1,
            "self": 0.2011497000000002
        },
        "TrainerController.start_learning": {
            "total": 32147.6859915,
            "count": 1,
            "self": 19.24679180056046,
            "children": {
                "TrainerController._reset_env": {
                    "total": 14.243729400000001,
                    "count": 1,
                    "self": 14.243729400000001
                },
                "TrainerController.advance": {
                    "total": 32113.98972729944,
                    "count": 790322,
                    "self": 20.96449329909592,
                    "children": {
                        "env_step": {
                            "total": 23298.64319990008,
                            "count": 790322,
                            "self": 15603.041714299987,
                            "children": {
                                "SubprocessEnvManager._take_step": {
                                    "total": 7683.042538099637,
                                    "count": 790322,
                                    "self": 137.74190710124458,
                                    "children": {
                                        "TorchPolicy.evaluate": {
                                            "total": 7545.300630998392,
                                            "count": 1522906,
                                            "self": 1590.2024283951969,
                                            "children": {
                                                "TorchPolicy.sample_actions": {
                                                    "total": 5955.098202603195,
                                                    "count": 1522906,
                                                    "self": 5955.098202603195
                                                }
                                            }
                                        }
                                    }
                                },
                                "workers": {
                                    "total": 12.558947500458718,
                                    "count": 790322,
                                    "self": 0.0,
                                    "children": {
                                        "worker_root": {
                                            "total": 32108.590988000153,
                                            "count": 790322,