{
    "name": "root",
    "gauges": {
        "Default.Policy.Entropy.mean": {
            "value": 0.3842185437679291,
            "min": 0.3807809054851532,
            "max": 0.4411350190639496,
            "count": 10
        },
        "Default.Policy.Entropy.sum": {
            "value": 19198.6328125,
            "min": 19006.298828125,
            "max": 21994.9921875,
            "count": 10
        },
        "Default.Environment.EpisodeLength.mean": {
            "value": 24.1620533467539,
            "min": 24.036536536536538,
            "max": 25.643769968051117,
            "count": 10
        },
        "Default.Environment.EpisodeLength.sum": {
            "value": 48010.0,
            "min": 47950.0,
            "max": 48159.0,
            "count": 10
        },
        "Default.Policy.ExtrinsicValueEstimate.mean": {
            "value": 1.7312358617782593,
            "min": 1.5882598161697388,
            "max": 1.7476507425308228,
            "count": 10
        },
        "Default.Policy.ExtrinsicValueEstimate.sum": {
            "value": 3462.4716796875,
            "min": 3047.87060546875,
            "max": 3504.38916015625,
            "count": 10
        },
        "Default.Environment.CumulativeReward.mean": {
            "value": 1.8821338670122965,
            "min": 1.710181236140001,
            "max": 1.8920448712096538,
            "count": 10
        },
        "Default.Environment.CumulativeReward.sum": {
            "value": 3739.7999937534332,
            "min": 3208.299998998642,
            "max": 3769.099996805191,
            "count": 10
        },
        "Default.Policy.ExtrinsicReward.mean": {
            "value": 1.8821338670122965,
            "min": 1.710181236140001,
            "max": 1.8920448712096538,
            "count": 10
        },
        "Default.Policy.ExtrinsicReward.sum": {
            "value": 3739.7999937534332,
            "min": 3208.299998998642,
            "max": 3769.099996805191,
            "count": 10
        },
        "Default.Losses.PolicyLoss.mean": {
            "value": 0.026347753040560445,
            "min": 0.021770594038728934,
            "max": 0.026347753040560445,
            "count": 10
        },
        "Default.Losses.PolicyLoss.sum": {
            "value": 0.13173876520280223,
            "min": 0.09211492115719011,
            "max": 0.13173876520280223,
            "count": 10
        },
        "Default.Losses.ValueLoss.mean": {
            "value": 0.2966908657550812,
            "min": 0.2772348808248838,
            "max": 0.34246605932712554,
            "count": 10
        },
        "Default.Losses.ValueLoss.sum": {
            "value": 1.4834543287754058,
            "min": 1.168534537156423,
            "max": 1.6670178075631459,
            "count": 10
        },
        "Default.Policy.LearningRate.mean": {
            "value": 1.681593439472e-05,
            "min": 1.681593439472e-05,
            "max": 0.00028461990512669994,
            "count": 10
        },
        "Default.Policy.LearningRate.sum": {
            "value": 8.407967197359999e-05,
            "min": 8.407967197359999e-05,
            "max": 0.0012844938718354,
            "count": 10
        },
        "Default.Policy.Epsilon.mean": {
            "value": 0.10560528000000002,
            "min": 0.10560528000000002,
            "max": 0.19487329999999997,
            "count": 10
        },
        "Default.Policy.Epsilon.sum": {
            "value": 0.5280264000000001,
            "min": 0.5003834,
            "max": 0.9281646000000002,
            "count": 10
        },
        "Default.Policy.Beta.mean": {
            "value": 0.000289703472,
            "min": 0.000289703472,
            "max": 0.004744177669999999,
            "count": 10
        },
        "Default.Policy.Beta.sum": {
            "value": 0.00144851736,
            "min": 0.00144851736,
            "max": 0.021415413540000004,
            "count": 10
        },
        "Default.IsTraining.mean": {
            "value": 1.0,
            "min": 1.0,
            "max": 1.0,
            "count": 10
        },
        "Default.IsTraining.sum": {
            "value": 1.0,
            "min": 1.0,
            "max": 1.0,
            "count": 10
        }
    },
    "metadata": {
        "timer_format_version": "0.1.0",
        "start_time_seconds": "1632368976",
        "python_version": "3.7.9 (tags/v3.7.9:13c94747c7, Aug 17 2020, 18:58:18) [MSC v.1900 64 bit (AMD64)]",
        "command_line_arguments": "C:\\Users\\Lukmai\\AppData\\Local\\Programs\\Python\\Python37\\Scripts\\mlagents-learn walkingBehavior.yaml --initialize-from=Attacking_DR2Collision",
        "mlagents_version": "0.25.0",
        "mlagents_envs_version": "0.25.0",
        "communication_protocol_version": "1.5.0",
        "pytorch_version": "1.8.2+cu102",
        "numpy_version": "1.19.5",
        "end_time_seconds": "1632369717"
    },
    "total": 741.3641286,
    "count": 1,
    "self": 0.018573699999933524,
    "children": {
        "run_training.setup": {
            "total": 0.24608160000000012,
            "count": 1,
            "self": 0.24608160000000012
        },
        "TrainerController.start_learning": {
            "total": 741.0994733,
            "count": 1,
            "self": 1.1633696000016016,
            "children": {
                "TrainerController._reset_env": {
                    "total": 19.339506800000002,
                    "count": 1,
                    "self": 19.339506800000002
                },
                "TrainerController.advance": {
                    "total": 720.4003736999983,
                    "count": 41750,
                    "self": 0.662467300011599,
                    "children": {
                        "env_step": {
                            "total": 719.7379063999867,
                            "count": 41750,
                            "self": 504.095541899981,
                            "children": {
                                "SubprocessEnvManager._take_step": {
                                    "total": 215.0267061000036,
                                    "count": 41750,
                                    "self": 2.155687100006787,
                                    "children": {
                                        "TorchPolicy.evaluate": {
                                            "total": 212.8710189999968,
                                            "count": 27793,
                                            "self": 40.24049399999967,
                                            "children": {
                                                "TorchPolicy.sample_actions": {
                                                    "total": 172.63052499999714,
                                                    "count": 27793,
                                                    "self": 172.63052499999714
                                                }
                                            }
                                        }
                                    }
                                },
                                "workers": {
                                    "total": 0.6156584000021468,
                                    "count": 41750,
                                    "self": 0.0,
                                    "children": {
                                        "worker_root": {
                                            "total": 733.1868895999991,
                                            "count": 41750,
                                            "is_parallel": true,
                                            "self": 343.34838869998987,
                                            "children": {
                                                "steps_from_proto": {
                                                    "total": 0.00795180000000073,
                                                    "count": 1,