{
    "name": "root",
    "gauges": {
        "AttackBehavior.Policy.Entropy.mean": {
            "value": 0.8700597882270813,
            "min": 0.8604094386100769,
            "max": 1.1475458145141602,
            "count": 274
        },
        "AttackBehavior.Policy.Entropy.sum": {
            "value": 16844.357421875,
            "min": 16379.6513671875,
            "max": 24263.775390625,
            "count": 274
        },
        "AttackBehavior.Environment.EpisodeLength.mean": {
            "value": 73.14814814814815,
            "min": 61.29113924050633,
            "max": 174.6206896551724,
            "count": 274
        },
        "AttackBehavior.Environment.EpisodeLength.sum": {
            "value": 19750.0,
            "min": 19368.0,
            "max": 20256.0,
            "count": 274
        },
        "AttackBehavior.Step.mean": {
            "value": 15619897.0,
            "min": 10159978.0,
            "max": 15619897.0,
            "count": 274
        },
        "AttackBehavior.Step.sum": {
            "value": 15619897.0,
            "min": 10159978.0,
            "max": 15619897.0,
            "count": 274
        },
        "AttackBehavior.Policy.ExtrinsicValueEstimate.mean": {
            "value": -0.17071768641471863,
            "min": -0.22009482979774475,
            "max": 1.0061665773391724,
            "count": 274
        },
        "AttackBehavior.Policy.ExtrinsicValueEstimate.sum": {
            "value": -46.09377670288086,
            "min": -61.846649169921875,
            "max": 133.60585021972656,
            "count": 274
        },
        "AttackBehavior.Environment.CumulativeReward.mean": {
            "value": -0.34444444444444444,
            "min": -0.4752475247524752,
            "max": 7.074380165289257,
            "count": 274
        },
        "AttackBehavior.Environment.CumulativeReward.sum": {
            "value": -93.0,
            "min": -144.0,
            "max": 856.0,
            "count": 274
        },
        "AttackBehavior.Policy.ExtrinsicReward.mean": {
            "value": -0.34444444444444444,
            "min": -0.4752475247524752,
            "max": 7.074380165289257,
            "count": 274
        },
        "AttackBehavior.Policy.ExtrinsicReward.sum": {
            "value": -93.0,
            "min": -144.0,
            "max": 856.0,
            "count": 274
        },
        "AttackBehavior.IsTraining.mean": {
            "value": 1.0,
            "min": 1.0,
            "max": 1.0,
            "count": 274
        },
        "AttackBehavior.IsTraining.sum": {
            "value": 1.0,
            "min": 1.0,
            "max": 1.0,
            "count": 274
        },
        "AttackBehavior.Losses.PolicyLoss.mean": {
            "value": 0.017513492598664016,
            "min": 0.010454016050789505,
            "max": 0.0223849588772282,
            "count": 265
        },
        "AttackBehavior.Losses.PolicyLoss.sum": {
            "value": 0.017513492598664016,
            "min": 0.010454016050789505,
            "max": 0.0223849588772282,
            "count": 265
        },
        "AttackBehavior.Losses.ValueLoss.mean": {
            "value": 0.30693685784935953,
            "min": 0.30693685784935953,
            "max": 1.772151991724968,
            "count": 265
        },
        "AttackBehavior.Losses.ValueLoss.sum": {
            "value": 0.30693685784935953,
            "min": 0.30693685784935953,
            "max": 1.772151991724968,
            "count": 265
        },
        "AttackBehavior.Policy.LearningRate.mean": {
            "value": 0.0002,
            "min": 0.0002,
            "max": 0.0002,
            "count": 265
        },
        "AttackBehavior.Policy.LearningRate.sum": {
            "value": 0.0002,
            "min": 0.0002,
            "max": 0.0002,
            "count": 265
        },
        "AttackBehavior.Policy.Epsilon.mean": {
            "value": 0.15,
            "min": 0.15,
            "max": 0.15,
            "count": 265
        },
        "AttackBehavior.Policy.Epsilon.sum": {
            "value": 0.15,
            "min": 0.15,
            "max": 0.15,
            "count": 265
        },
        "AttackBehavior.Policy.Beta.mean": {
            "value": 0.003,
            "min": 0.003,
            "max": 0.003,
            "count": 265
        },
        "AttackBehavior.Policy.Beta.sum": {
            "value": 0.003,
            "min": 0.003,
            "max": 0.003,
            "count": 265
        }
    },
    "metadata": {
        "timer_format_version": "0.1.0",
        "start_time_seconds": "1637147103",
        "python_version": "3.8.10 (tags/v3.8.10:3d8993a, May  3 2021, 11:48:03) [MSC v.1928 64 bit (AMD64)]",
        "command_line_arguments": "C:\\Users\\lukma\\AppData\\Local\\Programs\\Python\\Python38\\Scripts\\mlagents-learn attackBehavior.yaml --run-id=walk_01 --resume",
        "mlagents_version": "0.26.0",
        "mlagents_envs_version": "0.26.0",
        "communication_protocol_version": "1.5.0",
        "pytorch_version": "1.8.2+cu102",
        "numpy_version": "1.21.3",
        "end_time_seconds": "1637157952"
    },
    "total": 10849.7515718,
    "count": 1,
    "self": 0.005178899999009445,
    "children": {
        "run_training.setup": {
            "total": 0.10103850000000003,
            "count": 1,
            "self": 0.10103850000000003
        },
        "TrainerController.start_learning": {
            "total": 10849.6453544,
            "count": 1,
            "self": 3.761447500137365,
            "children": {
                "TrainerController._reset_env": {
                    "total": 7.5953259,
                    "count": 1,
                    "self": 7.5953259
                },
                "TrainerController.advance": {
                    "total": 10837.925823399863,
                    "count": 197392,
                    "self": 3.8599516004760517,
                    "children": {
                        "env_step": {
                            "total": 9179.74789179966,
                            "count": 197392,
                            "self": 7824.118904899222,
                            "children": {
                                "SubprocessEnvManager._take_step": {
                                    "total": 1353.0379717001415,
                                    "count": 197392,
                                    "self": 19.899528900069527,
                                    "children": {
                                        "TorchPolicy.evaluate": {
                                            "total": 1333.138442800072,
                                            "count": 343548,
                                            "self": 266.239540500625,
                                            "children": {
                                                "TorchPolicy.sample_actions": {
                                                    "total": 1066.898902299447,
                                                    "count": 343548,
                                                    "self": 1066.898902299447
                                                }
                                            }
                                        }
                                    }
                                },
                                "workers": {
                                    "total": 2.5910152002962494,
                                    "count": 197391,
                                    "self": 0.0,
                                    "children": {
                                        "worker_root": {
                                            "total": 10837.858518099816,
                                            "count": 197391,
                                            "is_parallel": true,
                                            "self": 3390.5228987997234,