{"cameraMode":{"drawMode":0,"name":"Shaded","section":"Shading Mode"},"sceneLighting":false,"audioPlay":false,"sceneViewState":{"m_AlwaysRefresh":false,"showFog":true,"showSkybox":false,"showFlares":true,"showImageEffects":true,"showParticleSystems":true,"showVisualEffectGraphs":true,"m_FxEnabled":true},"in2DMode":false,"pivot":{"x":6.4679179191589359,"y":-2.8359062671661379,"z":-3.4580488204956056},"rotation":{"x":0.0938381776213646,"y":0.8438546061515808,"z":-0.15694865584373475,"w":0.5044457316398621},"size":3.9877424240112306,"orthographic":false}