{
    "name": "root",
    "gauges": {
        "Default.Policy.Entropy.mean": {
            "value": 0.43457546830177307,
            "min": 0.4155166745185852,
            "max": 0.47650468349456787,
            "count": 10
        },
        "Default.Policy.Entropy.sum": {
            "value": 21746.15625,
            "min": 20979.4375,
            "max": 23844.294921875,
            "count": 10
        },
        "Default.Environment.EpisodeLength.mean": {
            "value": 22.792479771537362,
            "min": 22.593355170800187,
            "max": 22.955438428366076,
            "count": 10
        },
        "Default.Environment.EpisodeLength.sum": {
            "value": 47887.0,
            "min": 47501.0,
            "max": 48282.0,
            "count": 10
        },
        "Default.Policy.ExtrinsicValueEstimate.mean": {
            "value": 1.7688241004943848,
            "min": 1.6051337718963623,
            "max": 1.7688241004943848,
            "count": 10
        },
        "Default.Policy.ExtrinsicValueEstimate.sum": {
            "value": 3716.29931640625,
            "min": 3375.596435546875,
            "max": 3716.29931640625,
            "count": 10
        },
        "Default.Environment.CumulativeReward.mean": {
            "value": 1.9084245562837103,
            "min": 1.704469804020082,
            "max": 1.9311874079943043,
            "count": 10
        },
        "Default.Environment.CumulativeReward.sum": {
            "value": 4009.599992752075,
            "min": 3584.499997854233,
            "max": 4049.6999945640564,
            "count": 10
        },
        "Default.Policy.ExtrinsicReward.mean": {
            "value": 1.9084245562837103,
            "min": 1.704469804020082,
            "max": 1.9311874079943043,
            "count": 10
        },
        "Default.Policy.ExtrinsicReward.sum": {
            "value": 4009.599992752075,
            "min": 3584.499997854233,
            "max": 4049.6999945640564,
            "count": 10
        },
        "Default.Losses.PolicyLoss.mean": {
            "value": 0.024778366704510217,
            "min": 0.021931807594304093,
            "max": 0.02566870785638457,
            "count": 10
        },
        "Default.Losses.PolicyLoss.sum": {
            "value": 0.12389183352255108,
            "min": 0.08772723037721637,
            "max": 0.12834353928192285,
            "count": 10
        },
        "Default.Losses.ValueLoss.mean": {
            "value": 0.2831721004843712,
            "min": 0.26271604175368946,
            "max": 0.3794802941381932,
            "count": 10
        },
        "Default.Losses.ValueLoss.sum": {
            "value": 1.415860502421856,
            "min": 1.0508641670147578,
            "max": 1.8382428298393885,
            "count": 10
        },
        "Default.Policy.LearningRate.mean": {
            "value": 1.698525433828e-05,
            "min": 1.698525433828e-05,
            "max": 0.0002846110551296499,
            "count": 10
        },
        "Default.Policy.LearningRate.sum": {
            "value": 8.49262716914e-05,
            "min": 8.49262716914e-05,
            "max": 0.001284546071818,
            "count": 10
        },
        "Default.Policy.Epsilon.mean": {
            "value": 0.10566171999999999,
            "min": 0.10566171999999999,
            "max": 0.19487034999999997,
            "count": 10
        },
        "Default.Policy.Epsilon.sum": {
            "value": 0.5283085999999999,
            "min": 0.4595685999999999,
            "max": 0.9281820000000001,
            "count": 10
        },
        "Default.Policy.Beta.mean": {
            "value": 0.000292519828,
            "min": 0.000292519828,
            "max": 0.004744030465,
            "count": 10
        },
        "Default.Policy.Beta.sum": {
            "value": 0.0014625991399999998,
            "min": 0.0014625991399999998,
            "max": 0.021416281800000003,
            "count": 10
        },
        "Default.IsTraining.mean": {
            "value": 1.0,
            "min": 1.0,
            "max": 1.0,
            "count": 10
        },
        "Default.IsTraining.sum": {
            "value": 1.0,
            "min": 1.0,
            "max": 1.0,
            "count": 10
        }
    },
    "metadata": {
        "timer_format_version": "0.1.0",
        "start_time_seconds": "1632336659",
        "python_version": "3.7.9 (tags/v3.7.9:13c94747c7, Aug 17 2020, 18:58:18) [MSC v.1900 64 bit (AMD64)]",
        "command_line_arguments": "C:\\Users\\Lukmai\\AppData\\Local\\Programs\\Python\\Python37\\Scripts\\mlagents-learn walkingBehavior.yaml --initialize-from=Attacking_DR2Collision",
        "mlagents_version": "0.25.0",
        "mlagents_envs_version": "0.25.0",
        "communication_protocol_version": "1.5.0",
        "pytorch_version": "1.8.2+cu102",
        "numpy_version": "1.19.5",
        "end_time_seconds": "1632337448"
    },
    "total": 789.6966957,
    "count": 1,
    "self": 0.014895999999907872,
    "children": {
        "run_training.setup": {
            "total": 0.11554759999999975,
            "count": 1,
            "self": 0.11554759999999975
        },
        "TrainerController.start_learning": {
            "total": 789.5662521,
            "count": 1,
            "self": 1.2920827000025383,
            "children": {
                "TrainerController._reset_env": {
                    "total": 15.1093661,
                    "count": 1,
                    "self": 15.1093661
                },
                "TrainerController.advance": {
                    "total": 773.0163778999975,
                    "count": 42780,
                    "self": 0.7128514000048654,
                    "children": {
                        "env_step": {
                            "total": 772.3035264999926,
                            "count": 42780,
                            "self": 553.5542496000032,
                            "children": {
                                "SubprocessEnvManager._take_step": {
                                    "total": 218.07381799999928,
                                    "count": 42780,
                                    "self": 2.4838246000106494,
                                    "children": {
                                        "TorchPolicy.evaluate": {
                                            "total": 215.58999339998863,
                                            "count": 27796,
                                            "self": 41.37657899999289,
                                            "children": {
                                                "TorchPolicy.sample_actions": {
                                                    "total": 174.21341439999574,
                                                    "count": 27796,
                                                    "self": 174.21341439999574
                                                }
                                            }
                                        }
                                    }
                                },
                                "workers": {
                                    "total": 0.6754588999900193,
                                    "count": 42780,
                                    "self": 0.0,
                                    "children": {
                                        "worker_root": {
                                            "total": 779.8821210000087,
                                            "count": 42780,
                                            "is_parallel": true,
                                            "self": 354.6718512000116,
                                            "children": {
                                                "steps_from_proto": {
                                                    "total": 0.0008024999999998172,
                                                    "count": 1,