{
    "name": "root",
    "gauges": {
        "AttackBehavior.Policy.Entropy.mean": {
            "value": 1.9412034749984741,
            "min": 1.844544529914856,
            "max": 2.2525229454040527,
            "count": 429
        },
        "AttackBehavior.Policy.Entropy.sum": {
            "value": 38886.1875,
            "min": 22302.64453125,
            "max": 45771.265625,
            "count": 429
        },
        "AttackBehavior.Environment.EpisodeLength.mean": {
            "value": 18.58512720156556,
            "min": 16.86583184257603,
            "max": 20.0188679245283,
            "count": 429
        },
        "AttackBehavior.Environment.EpisodeLength.sum": {
            "value": 18994.0,
            "min": 9362.0,
            "max": 19098.0,
            "count": 429
        },
        "AttackBehavior.Step.mean": {
            "value": 24999977.0,
            "min": 16439983.0,
            "max": 24999977.0,
            "count": 429
        },
        "AttackBehavior.Step.sum": {
            "value": 24999977.0,
            "min": 16439983.0,
            "max": 24999977.0,
            "count": 429
        },
        "AttackBehavior.Policy.ExtrinsicValueEstimate.mean": {
            "value": 0.18890240788459778,
            "min": 0.1513880044221878,
            "max": 0.21900931000709534,
            "count": 429
        },
        "AttackBehavior.Policy.ExtrinsicValueEstimate.sum": {
            "value": 193.05825805664062,
            "min": 99.53958892822266,
            "max": 235.2685546875,
            "count": 429
        },
        "AttackBehavior.Policy.CuriosityValueEstimate.mean": {
            "value": 0.056509848684072495,
            "min": 0.049695227295160294,
            "max": 0.06585417687892914,
            "count": 429
        },
        "AttackBehavior.Policy.CuriosityValueEstimate.sum": {
            "value": 57.75306701660156,
            "min": 32.84893035888672,
            "max": 70.00299072265625,
            "count": 429
        },
        "AttackBehavior.Environment.CumulativeReward.mean": {
            "value": 0.07816445200527251,
            "min": 0.03533506979999201,
            "max": 0.12844828135998684,
            "count": 429
        },
        "AttackBehavior.Environment.CumulativeReward.sum": {
            "value": 79.8840699493885,
            "min": 35.54708021879196,
            "max": 140.51307356357574,
            "count": 429
        },
        "AttackBehavior.Policy.ExtrinsicReward.mean": {
            "value": 0.07816445200527251,
            "min": 0.03533506979999201,
            "max": 0.12844828135998684,
            "count": 429
        },
        "AttackBehavior.Policy.ExtrinsicReward.sum": {
            "value": 79.8840699493885,
            "min": 35.54708021879196,
            "max": 140.51307356357574,
            "count": 429
        },
        "AttackBehavior.Policy.CuriosityReward.mean": {
            "value": 0.049729997902942746,
            "min": 0.0,
            "max": 0.059066967658925044,
            "count": 429
        },
        "AttackBehavior.Policy.CuriosityReward.sum": {
            "value": 50.824057856807485,
            "min": 0.0,
            "max": 57.94895408116281,
            "count": 429
        },
        "AttackBehavior.IsTraining.mean": {
            "value": 1.0,
            "min": 1.0,
            "max": 1.0,
            "count": 429
        },
        "AttackBehavior.IsTraining.sum": {
            "value": 1.0,
            "min": 1.0,
            "max": 1.0,
            "count": 429
        },
        "AttackBehavior.Losses.PolicyLoss.mean": {
            "value": 0.012797335755749373,
            "min": 0.01145787982186448,
            "max": 0.02359802910068538,
            "count": 417
        },
        "AttackBehavior.Losses.PolicyLoss.sum": {
            "value": 0.012797335755749373,
            "min": 0.01145787982186448,
            "max": 0.02359802910068538,
            "count": 417
        },
        "AttackBehavior.Losses.ValueLoss.mean": {
            "value": 0.30625157058238983,
            "min": 0.2944361686706543,
            "max": 0.34135371521115304,
            "count": 417
        },
        "AttackBehavior.Losses.ValueLoss.sum": {
            "value": 0.30625157058238983,
            "min": 0.2944361686706543,
            "max": 0.34135371521115304,
            "count": 417
        },
        "AttackBehavior.Policy.LearningRate.mean": {
            "value": 0.0002,
            "min": 0.0002,
            "max": 0.0002,
            "count": 417
        },
        "AttackBehavior.Policy.LearningRate.sum": {
            "value": 0.0002,
            "min": 0.0002,
            "max": 0.0002,
            "count": 417
        },
        "AttackBehavior.Policy.Epsilon.mean": {
            "value": 0.15,
            "min": 0.15,
            "max": 0.15,
            "count": 417
        },
        "AttackBehavior.Policy.Epsilon.sum": {
            "value": 0.15,
            "min": 0.15,
            "max": 0.15,
            "count": 417
        },
        "AttackBehavior.Policy.Beta.mean": {
            "value": 0.003,
            "min": 0.003,
            "max": 0.003,
            "count": 417
        },
        "AttackBehavior.Policy.Beta.sum": {
            "value": 0.003,
            "min": 0.003,
            "max": 0.003,
            "count": 417
        },
        "AttackBehavior.Losses.CuriosityForwardLoss.mean": {
            "value": 0.12909738067537546,
            "min": 0.1225520208477974,
            "max": 0.14496096558868884,
            "count": 417
        },
        "AttackBehavior.Losses.CuriosityForwardLoss.sum": {
            "value": 0.12909738067537546,
            "min": 0.1225520208477974,
            "max": 0.14496096558868884,
            "count": 417
        },
        "AttackBehavior.Losses.CuriosityInverseLoss.mean": {
            "value": 1.3455552488565445,
            "min": 1.2865995317697525,
            "max": 1.5583791434764862,
            "count": 417
        },
        "AttackBehavior.Losses.CuriosityInverseLoss.sum": {
            "value": 1.3455552488565445,
            "min": 1.2865995317697525,
            "max": 1.5583791434764862,
            "count": 417
        }
    },
    "metadata": {
        "timer_format_version": "0.1.0",
        "start_time_seconds": "1648675799",
        "python_version": "3.8.10 (tags/v3.8.10:3d8993a, May  3 2021, 11:48:03) [MSC v.1928 64 bit (AMD64)]",
        "command_line_arguments": "C:\\Users\\lukma\\AppData\\Local\\Programs\\Python\\Python38\\Scripts\\mlagents-learn attackbehavior.yaml --run-id=ppo --resume",
        "mlagents_version": "0.26.0",
        "mlagents_envs_version": "0.26.0",
        "communication_protocol_version": "1.5.0",
        "pytorch_version": "1.8.2+cu102",
        "numpy_version": "1.21.3",
        "end_time_seconds": "1648696257"
    },
    "total": 20457.6019662,
    "count": 1,
    "self": 0.011281300001428463,
    "children": {
        "run_training.setup": {
            "total": 0.10498679999999982,
            "count": 1,
            "self": 0.10498679999999982
        },
        "TrainerController.start_learning": {
            "total": 20457.485698099998,
            "count": 1,
            "self": 10.384375300749525,
            "children": {
                "TrainerController._reset_env": {
                    "total": 11.943488599999998,
                    "count": 1,
                    "self": 11.943488599999998
                },
                "TrainerController.advance": {
                    "total": 20434.959534899244,
                    "count": 451805,
                    "self": 9.484198599231604,
                    "children": {
                        "env_step": {
                            "total": 14709.842899600544,
                            "count": 451805,
                            "self": 12006.340843600095,