{
    "name": "root",
    "gauges": {
        "AttackBehavior.Policy.Entropy.mean": {
            "value": 2.3860604763031006,
            "min": 2.019132137298584,
            "max": 2.528642416000366,
            "count": 196
        },
        "AttackBehavior.Policy.Entropy.sum": {
            "value": 47568.5,
            "min": 32611.90625,
            "max": 50977.4296875,
            "count": 196
        },
        "AttackBehavior.Environment.EpisodeLength.mean": {
            "value": 22.375291375291376,
            "min": 17.132723112128147,
            "max": 24.647058823529413,
            "count": 196
        },
        "AttackBehavior.Environment.EpisodeLength.sum": {
            "value": 19198.0,
            "min": 14974.0,
            "max": 19274.0,
            "count": 196
        },
        "AttackBehavior.Step.mean": {
            "value": 14999990.0,
            "min": 11099998.0,
            "max": 14999990.0,
            "count": 196
        },
        "AttackBehavior.Step.sum": {
            "value": 14999990.0,
            "min": 11099998.0,
            "max": 14999990.0,
            "count": 196
        },
        "AttackBehavior.Policy.ExtrinsicValueEstimate.mean": {
            "value": 0.13329347968101501,
            "min": 0.10223373770713806,
            "max": 0.1878056824207306,
            "count": 196
        },
        "AttackBehavior.Policy.ExtrinsicValueEstimate.sum": {
            "value": 114.23251342773438,
            "min": 82.09368896484375,
            "max": 188.1293487548828,
            "count": 196
        },
        "AttackBehavior.Policy.CuriosityValueEstimate.mean": {
            "value": 0.0738447830080986,
            "min": 0.07160743325948715,
            "max": 0.14869584143161774,
            "count": 196
        },
        "AttackBehavior.Policy.CuriosityValueEstimate.sum": {
            "value": 63.284976959228516,
            "min": 62.01203918457031,
            "max": 137.28994750976562,
            "count": 196
        },
        "AttackBehavior.Environment.CumulativeReward.mean": {
            "value": -0.0476697131800123,
            "min": -0.09642276736395038,
            "max": 0.047457256843607715,
            "count": 196
        },
        "AttackBehavior.Environment.CumulativeReward.sum": {
            "value": -40.85294419527054,
            "min": -79.35593754053116,
            "max": 48.78606003522873,
            "count": 196
        },
        "AttackBehavior.Policy.ExtrinsicReward.mean": {
            "value": -0.0476697131800123,
            "min": -0.09642276736395038,
            "max": 0.047457256843607715,
            "count": 196
        },
        "AttackBehavior.Policy.ExtrinsicReward.sum": {
            "value": -40.85294419527054,
            "min": -79.35593754053116,
            "max": 48.78606003522873,
            "count": 196
        },
        "AttackBehavior.Policy.CuriosityReward.mean": {
            "value": 0.053490642113573066,
            "min": 0.0,
            "max": 0.05735263528698644,
            "count": 196
        },
        "AttackBehavior.Policy.CuriosityReward.sum": {
            "value": 45.84148029133212,
            "min": 0.0,
            "max": 49.45109952846542,
            "count": 196
        },
        "AttackBehavior.IsTraining.mean": {
            "value": 1.0,
            "min": 1.0,
            "max": 1.0,
            "count": 196
        },
        "AttackBehavior.IsTraining.sum": {
            "value": 1.0,
            "min": 1.0,
            "max": 1.0,
            "count": 196
        },
        "AttackBehavior.Losses.PolicyLoss.mean": {
            "value": 0.016331932031243925,
            "min": 0.012335160623842966,
            "max": 0.02257831271854229,
            "count": 190
        },
        "AttackBehavior.Losses.PolicyLoss.sum": {
            "value": 0.016331932031243925,
            "min": 0.012335160623842966,
            "max": 0.02257831271854229,
            "count": 190
        },
        "AttackBehavior.Losses.ValueLoss.mean": {
            "value": 0.25622302778065204,
            "min": 0.23056024685502052,
            "max": 0.31407852172851564,
            "count": 190
        },
        "AttackBehavior.Losses.ValueLoss.sum": {
            "value": 0.25622302778065204,
            "min": 0.23056024685502052,
            "max": 0.31407852172851564,
            "count": 190
        },
        "AttackBehavior.Policy.LearningRate.mean": {
            "value": 0.0002,
            "min": 0.0002,
            "max": 0.0002,
            "count": 190
        },
        "AttackBehavior.Policy.LearningRate.sum": {
            "value": 0.0002,
            "min": 0.0002,
            "max": 0.0002,
            "count": 190
        },
        "AttackBehavior.Policy.Epsilon.mean": {
            "value": 0.15,
            "min": 0.15,
            "max": 0.15,
            "count": 190
        },
        "AttackBehavior.Policy.Epsilon.sum": {
            "value": 0.15,
            "min": 0.15,
            "max": 0.15,
            "count": 190
        },
        "AttackBehavior.Policy.Beta.mean": {
            "value": 0.003,
            "min": 0.003,
            "max": 0.003,
            "count": 190
        },
        "AttackBehavior.Policy.Beta.sum": {
            "value": 0.003,
            "min": 0.003,
            "max": 0.003,
            "count": 190
        },
        "AttackBehavior.Losses.CuriosityForwardLoss.mean": {
            "value": 0.11341046392917634,
            "min": 0.09955927189439535,
            "max": 0.14836997389793397,
            "count": 190
        },
        "AttackBehavior.Losses.CuriosityForwardLoss.sum": {
            "value": 0.11341046392917634,
            "min": 0.09955927189439535,
            "max": 0.14836997389793397,
            "count": 190
        },
        "AttackBehavior.Losses.CuriosityInverseLoss.mean": {
            "value": 1.8409088045358657,
            "min": 1.6901423990726472,
            "max": 1.962962031364441,
            "count": 190
        },
        "AttackBehavior.Losses.CuriosityInverseLoss.sum": {
            "value": 1.8409088045358657,
            "min": 1.6901423990726472,
            "max": 1.962962031364441,
            "count": 190
        }
    },
    "metadata": {
        "timer_format_version": "0.1.0",
        "start_time_seconds": "1649490903",
        "python_version": "3.8.10 (tags/v3.8.10:3d8993a, May  3 2021, 11:48:03) [MSC v.1928 64 bit (AMD64)]",
        "command_line_arguments": "C:\\Users\\lukma\\AppData\\Local\\Programs\\Python\\Python38\\Scripts\\mlagents-learn attackbehavior.yaml --initialize-from=walk_v3",
        "mlagents_version": "0.26.0",
        "mlagents_envs_version": "0.26.0",
        "communication_protocol_version": "1.5.0",
        "pytorch_version": "1.8.2+cu102",
        "numpy_version": "1.21.3",
        "end_time_seconds": "1649498809"
    },
    "total": 7905.9567612,
    "count": 1,
    "self": 0.015424000000166416,
    "children": {
        "run_training.setup": {
            "total": 0.09867680000000001,
            "count": 1,
            "self": 0.09867680000000001
        },
        "TrainerController.start_learning": {
            "total": 7905.8426604,
            "count": 1,
            "self": 4.520412799837686,
            "children": {
                "TrainerController._reset_env": {
                    "total": 7.1424146,
                    "count": 1,
                    "self": 7.1424146
                },
                "TrainerController.advance": {
                    "total": 7893.995461900163,
                    "count": 200237,
                    "self": 3.9334233999043136,
                    "children": {
                        "env_step": {
                            "total": 5552.266784000088,
                            "count": 200237,
                            "self": 4395.743945800349,