{
    "name": "root",
    "gauges": {
        "AttackBehavior.Policy.Entropy.mean": {
            "value": 3.3700954914093018,
            "min": 3.3475699424743652,
            "max": 3.3700954914093018,
            "count": 2
        },
        "AttackBehavior.Policy.Entropy.sum": {
            "value": 66970.5390625,
            "min": 38349.76171875,
            "max": 66970.5390625,
            "count": 2
        },
        "AttackBehavior.Environment.EpisodeLength.mean": {
            "value": 14.796208530805687,
            "min": 14.796208530805687,
            "max": 15.222222222222221,
            "count": 2
        },
        "AttackBehavior.Environment.EpisodeLength.sum": {
            "value": 18732.0,
            "min": 10412.0,
            "max": 18732.0,
            "count": 2
        },
        "AttackBehavior.Step.mean": {
            "value": 3519994.0,
            "min": 3499972.0,
            "max": 3519994.0,
            "count": 2
        },
        "AttackBehavior.Step.sum": {
            "value": 3519994.0,
            "min": 3499972.0,
            "max": 3519994.0,
            "count": 2
        },
        "AttackBehavior.Policy.ExtrinsicValueEstimate.mean": {
            "value": 0.22615666687488556,
            "min": 0.21774274110794067,
            "max": 0.22615666687488556,
            "count": 2
        },
        "AttackBehavior.Policy.ExtrinsicValueEstimate.sum": {
            "value": 286.3143310546875,
            "min": 148.71829223632812,
            "max": 286.3143310546875,
            "count": 2
        },
        "AttackBehavior.Policy.CuriosityValueEstimate.mean": {
            "value": 0.14718683063983917,
            "min": 0.14718683063983917,
            "max": 0.16186505556106567,
            "count": 2
        },
        "AttackBehavior.Policy.CuriosityValueEstimate.sum": {
            "value": 186.33853149414062,
            "min": 110.5538330078125,
            "max": 186.33853149414062,
            "count": 2
        },
        "AttackBehavior.Environment.CumulativeReward.mean": {
            "value": 0.18699524715236765,
            "min": 0.17077157071533874,
            "max": 0.18699524715236765,
            "count": 2
        },
        "AttackBehavior.Environment.CumulativeReward.sum": {
            "value": 236.73598289489746,
            "min": 116.63698279857635,
            "max": 236.73598289489746,
            "count": 2
        },
        "AttackBehavior.Policy.ExtrinsicReward.mean": {
            "value": 0.18699524715236765,
            "min": 0.17077157071533874,
            "max": 0.18699524715236765,
            "count": 2
        },
        "AttackBehavior.Policy.ExtrinsicReward.sum": {
            "value": 236.73598289489746,
            "min": 116.63698279857635,
            "max": 236.73598289489746,
            "count": 2
        },
        "AttackBehavior.Policy.CuriosityReward.mean": {
            "value": 0.044878870408428834,
            "min": 0.0,
            "max": 0.044878870408428834,
            "count": 2
        },
        "AttackBehavior.Policy.CuriosityReward.sum": {
            "value": 56.816649937070906,
            "min": 0.0,
            "max": 56.816649937070906,
            "count": 2
        },
        "AttackBehavior.IsTraining.mean": {
            "value": 1.0,
            "min": 1.0,
            "max": 1.0,
            "count": 2
        },
        "AttackBehavior.IsTraining.sum": {
            "value": 1.0,
            "min": 1.0,
            "max": 1.0,
            "count": 2
        },
        "AttackBehavior.Losses.PolicyLoss.mean": {
            "value": 0.01798149901205761,
            "min": 0.01798149901205761,
            "max": 0.01798149901205761,
            "count": 1
        },
        "AttackBehavior.Losses.PolicyLoss.sum": {
            "value": 0.01798149901205761,
            "min": 0.01798149901205761,
            "max": 0.01798149901205761,
            "count": 1
        },
        "AttackBehavior.Losses.ValueLoss.mean": {
            "value": 0.3219510942697525,
            "min": 0.3219510942697525,
            "max": 0.3219510942697525,
            "count": 1
        },
        "AttackBehavior.Losses.ValueLoss.sum": {
            "value": 0.3219510942697525,
            "min": 0.3219510942697525,
            "max": 0.3219510942697525,
            "count": 1
        },
        "AttackBehavior.Policy.LearningRate.mean": {
            "value": 0.0002,
            "min": 0.0002,
            "max": 0.0002,
            "count": 1
        },
        "AttackBehavior.Policy.LearningRate.sum": {
            "value": 0.0002,
            "min": 0.0002,
            "max": 0.0002,
            "count": 1
        },
        "AttackBehavior.Policy.Epsilon.mean": {
            "value": 0.15,
            "min": 0.15,
            "max": 0.15,
            "count": 1
        },
        "AttackBehavior.Policy.Epsilon.sum": {
            "value": 0.15,
            "min": 0.15,
            "max": 0.15,
            "count": 1
        },
        "AttackBehavior.Policy.Beta.mean": {
            "value": 0.003,
            "min": 0.003,
            "max": 0.003,
            "count": 1
        },
        "AttackBehavior.Policy.Beta.sum": {
            "value": 0.003,
            "min": 0.003,
            "max": 0.003,
            "count": 1
        },
        "AttackBehavior.Losses.CuriosityForwardLoss.mean": {
            "value": 0.2690591424703598,
            "min": 0.2690591424703598,
            "max": 0.2690591424703598,
            "count": 1
        },
        "AttackBehavior.Losses.CuriosityForwardLoss.sum": {
            "value": 0.2690591424703598,
            "min": 0.2690591424703598,
            "max": 0.2690591424703598,
            "count": 1
        },
        "AttackBehavior.Losses.CuriosityInverseLoss.mean": {
            "value": 2.763867700099945,
            "min": 2.763867700099945,
            "max": 2.763867700099945,
            "count": 1
        },
        "AttackBehavior.Losses.CuriosityInverseLoss.sum": {
            "value": 2.763867700099945,
            "min": 2.763867700099945,
            "max": 2.763867700099945,
            "count": 1
        }
    },
    "metadata": {
        "timer_format_version": "0.1.0",
        "start_time_seconds": "1648584144",
        "python_version": "3.8.10 (tags/v3.8.10:3d8993a, May  3 2021, 11:48:03) [MSC v.1928 64 bit (AMD64)]",
        "command_line_arguments": "C:\\Users\\lukma\\AppData\\Local\\Programs\\Python\\Python38\\Scripts\\mlagents-learn attackbehavior.yaml --run-id=Walk_shieldEnemy_1 --time-scale=1 --resume",
        "mlagents_version": "0.26.0",
        "mlagents_envs_version": "0.26.0",
        "communication_protocol_version": "1.5.0",
        "pytorch_version": "1.8.2+cu102",
        "numpy_version": "1.21.3",
        "end_time_seconds": "1648584792"
    },
    "total": 647.4950603,
    "count": 1,
    "self": 0.005702700000028926,
    "children": {
        "run_training.setup": {
            "total": 0.10992360000000012,
            "count": 1,
            "self": 0.10992360000000012
        },
        "TrainerController.start_learning": {
            "total": 647.379434,
            "count": 1,
            "self": 0.06549860000166063,
            "children": {
                "TrainerController._reset_env": {
                    "total": 10.58223,
                    "count": 1,
                    "self": 10.58223
                },
                "TrainerController.advance": {
                    "total": 636.4572679999984,
                    "count": 2540,
                    "self": 0.053031599997893863,
                    "children": {
                        "env_step": {
                            "total": 605.3397946999985,
                            "count": 2540,
                            "self": 591.8953225999982,