{
    "name": "root",
    "gauges": {
        "AttackBehavior.Policy.Entropy.mean": {
            "value": 1.3297324180603027,
            "min": 1.2629464864730835,
            "max": 2.398937463760376,
            "count": 209
        },
        "AttackBehavior.Policy.Entropy.sum": {
            "value": 26807.40625,
            "min": 21245.767578125,
            "max": 53913.2421875,
            "count": 209
        },
        "AttackBehavior.Environment.EpisodeLength.mean": {
            "value": 377.6666666666667,
            "min": 347.92857142857144,
            "max": 399.0,
            "count": 209
        },
        "AttackBehavior.Environment.EpisodeLength.sum": {
            "value": 20394.0,
            "min": 12516.0,
            "max": 25744.0,
            "count": 209
        },
        "AttackBehavior.Step.mean": {
            "value": 9999740.0,
            "min": 5839666.0,
            "max": 9999740.0,
            "count": 209
        },
        "AttackBehavior.Step.sum": {
            "value": 9999740.0,
            "min": 5839666.0,
            "max": 9999740.0,
            "count": 209
        },
        "AttackBehavior.Policy.ExtrinsicValueEstimate.mean": {
            "value": 0.22487157583236694,
            "min": -4.81919002532959,
            "max": 0.3083503246307373,
            "count": 209
        },
        "AttackBehavior.Policy.ExtrinsicValueEstimate.sum": {
            "value": 11.918193817138672,
            "min": -240.95950317382812,
            "max": 15.82068157196045,
            "count": 209
        },
        "AttackBehavior.Environment.CumulativeReward.mean": {
            "value": 3.5283018867924527,
            "min": -189.17694326547476,
            "max": 4.607843137254902,
            "count": 209
        },
        "AttackBehavior.Environment.CumulativeReward.sum": {
            "value": 187.0,
            "min": -7387.900985717773,
            "max": 235.0,
            "count": 209
        },
        "AttackBehavior.Policy.ExtrinsicReward.mean": {
            "value": 3.5283018867924527,
            "min": -189.17694326547476,
            "max": 4.607843137254902,
            "count": 209
        },
        "AttackBehavior.Policy.ExtrinsicReward.sum": {
            "value": 187.0,
            "min": -7387.900985717773,
            "max": 235.0,
            "count": 209
        },
        "AttackBehavior.IsTraining.mean": {
            "value": 1.0,
            "min": 1.0,
            "max": 1.0,
            "count": 209
        },
        "AttackBehavior.IsTraining.sum": {
            "value": 1.0,
            "min": 1.0,
            "max": 1.0,
            "count": 209
        },
        "AttackBehavior.Losses.PolicyLoss.mean": {
            "value": 0.01932095563970506,
            "min": 0.011764425825094803,
            "max": 0.02167543401592411,
            "count": 197
        },
        "AttackBehavior.Losses.PolicyLoss.sum": {
            "value": 0.01932095563970506,
            "min": 0.011764425825094803,
            "max": 0.02167543401592411,
            "count": 197
        },
        "AttackBehavior.Losses.ValueLoss.mean": {
            "value": 0.10906304195523261,
            "min": 0.09806576557457447,
            "max": 3.7387550522883735,
            "count": 197
        },
        "AttackBehavior.Losses.ValueLoss.sum": {
            "value": 0.10906304195523261,
            "min": 0.09806576557457447,
            "max": 3.7387550522883735,
            "count": 197
        },
        "AttackBehavior.Policy.LearningRate.mean": {
            "value": 0.0002,
            "min": 0.0002,
            "max": 0.00020000000000000006,
            "count": 197
        },
        "AttackBehavior.Policy.LearningRate.sum": {
            "value": 0.0002,
            "min": 0.0002,
            "max": 0.00020000000000000006,
            "count": 197
        },
        "AttackBehavior.Policy.Epsilon.mean": {
            "value": 0.15,
            "min": 0.15,
            "max": 0.15000000000000002,
            "count": 197
        },
        "AttackBehavior.Policy.Epsilon.sum": {
            "value": 0.15,
            "min": 0.15,
            "max": 0.15000000000000002,
            "count": 197
        },
        "AttackBehavior.Policy.Beta.mean": {
            "value": 0.003,
            "min": 0.0029999999999999996,
            "max": 0.003,
            "count": 197
        },
        "AttackBehavior.Policy.Beta.sum": {
            "value": 0.003,
            "min": 0.0029999999999999996,
            "max": 0.003,
            "count": 197
        }
    },
    "metadata": {
        "timer_format_version": "0.1.0",
        "start_time_seconds": "1636023945",
        "python_version": "3.8.10 (tags/v3.8.10:3d8993a, May  3 2021, 11:48:03) [MSC v.1928 64 bit (AMD64)]",
        "command_line_arguments": "C:\\Users\\lukma\\AppData\\Local\\Programs\\Python\\Python38\\Scripts\\mlagents-learn AttackBehavior.yaml --run-id=attack_01 --resume",
        "mlagents_version": "0.26.0",
        "mlagents_envs_version": "0.26.0",
        "communication_protocol_version": "1.5.0",
        "pytorch_version": "1.8.2+cu102",
        "numpy_version": "1.21.3",
        "end_time_seconds": "1636029250"
    },
    "total": 5304.2384231999995,
    "count": 1,
    "self": 0.024007099998925696,
    "children": {
        "run_training.setup": {
            "total": 0.17769069999999942,
            "count": 1,
            "self": 0.17769069999999942
        },
        "TrainerController.start_learning": {
            "total": 5304.0367254,
            "count": 1,
            "self": 2.7311070999921867,
            "children": {
                "TrainerController._reset_env": {
                    "total": 17.3518999,
                    "count": 1,
                    "self": 17.3518999
                },
                "TrainerController.advance": {
                    "total": 5283.788423700009,
                    "count": 134874,
                    "self": 3.0149350000374397,
                    "children": {
                        "env_step": {
                            "total": 4139.97161959997,
                            "count": 134874,
                            "self": 3058.5411470999984,
                            "children": {
                                "SubprocessEnvManager._take_step": {
                                    "total": 1079.545657300067,
                                    "count": 134874,
                                    "self": 18.799073999972734,
                                    "children": {
                                        "TorchPolicy.evaluate": {
                                            "total": 1060.7465833000942,
                                            "count": 260718,
                                            "self": 204.753223200129,
                                            "children": {
                                                "TorchPolicy.sample_actions": {
                                                    "total": 855.9933600999652,
                                                    "count": 260718,
                                                    "self": 855.9933600999652
                                                }
                                            }
                                        }
                                    }
                                },
                                "workers": {
                                    "total": 1.884815199904608,
                                    "count": 134874,
                                    "self": 0.0,
                                    "children": {
                                        "worker_root": {
                                            "total": 5283.739571000005,
                                            "count": 134874,
                                            "is_parallel": true,