{"cameraMode":{"drawMode":0,"name":"Shaded","section":"Shading Mode"},"sceneLighting":true,"audioPlay":false,"sceneViewState":{"m_AlwaysRefresh":false,"showFog":true,"showSkybox":true,"showFlares":true,"showImageEffects":true,"showParticleSystems":true,"showVisualEffectGraphs":true,"m_FxEnabled":true},"in2DMode":false,"pivot":{"x":0.6452193260192871,"y":1.0496976375579835,"z":-2.129289150238037},"rotation":{"x":-0.026344813406467439,"y":0.9733521938323975,"z":-0.1729101538658142,"w":-0.14830191433429719},"size":0.8305255770683289,"orthographic":false}