{"cameraMode":{"drawMode":0,"name":"Shaded","section":"Shading Mode"},"sceneLighting":true,"audioPlay":false,"sceneViewState":{"m_AlwaysRefresh":false,"showFog":true,"showSkybox":true,"showFlares":true,"showImageEffects":true,"showParticleSystems":true,"showVisualEffectGraphs":true,"m_FxEnabled":true},"in2DMode":false,"pivot":{"x":-1.878016471862793,"y":-3.3184866905212404,"z":3.3397679328918459},"rotation":{"x":-0.15441660583019257,"y":0.38218721747398379,"z":-0.06494040042161942,"w":-0.9087750315666199},"size":6.8291754722595219,"orthographic":false}