{
    "name": "root",
    "gauges": {
        "walkingBehavior.Policy.Entropy.mean": {
            "value": 0.2980063855648041,
            "min": 0.2753124535083771,
            "max": 2.5589723587036133,
            "count": 40
        },
        "walkingBehavior.Policy.Entropy.sum": {
            "value": 5948.80322265625,
            "min": 5505.6982421875,
            "max": 54628.94140625,
            "count": 40
        },
        "walkingBehavior.Policy.ExtrinsicValueEstimate.mean": {
            "value": 2.051680326461792,
            "min": -6.10693883895874,
            "max": 2.101742744445801,
            "count": 40
        },
        "walkingBehavior.Policy.ExtrinsicValueEstimate.sum": {
            "value": 1536.70849609375,
            "min": -1032.0726318359375,
            "max": 1572.103515625,
            "count": 40
        },
        "walkingBehavior.Environment.EpisodeLength.mean": {
            "value": 25.715620827770362,
            "min": 25.681879194630874,
            "max": 769.1875,
            "count": 40
        },
        "walkingBehavior.Environment.EpisodeLength.sum": {
            "value": 19261.0,
            "min": 14428.0,
            "max": 24931.0,
            "count": 40
        },
        "walkingBehavior.Losses.PolicyLoss.mean": {
            "value": 0.06800349219520284,
            "min": 0.0637162387045262,
            "max": 0.07432774694182256,
            "count": 40
        },
        "walkingBehavior.Losses.PolicyLoss.sum": {
            "value": 0.6800349219520284,
            "min": 0.5529936174380041,
            "max": 0.7175844220790382,
            "count": 40
        },
        "walkingBehavior.Losses.ValueLoss.mean": {
            "value": 0.0700228897544245,
            "min": 0.015402947176155847,
            "max": 0.8474069982409259,
            "count": 40
        },
        "walkingBehavior.Losses.ValueLoss.sum": {
            "value": 0.700228897544245,
            "min": 0.13862652458540262,
            "max": 6.779255985927407,
            "count": 40
        },
        "walkingBehavior.Policy.LearningRate.mean": {
            "value": 3.745411251562498e-06,
            "min": 3.745411251562498e-06,
            "max": 0.0002960995794251406,
            "count": 40
        },
        "walkingBehavior.Policy.LearningRate.sum": {
            "value": 3.745411251562498e-05,
            "min": 3.745411251562498e-05,
            "max": 0.0026634957371681253,
            "count": 40
        },
        "walkingBehavior.Policy.Epsilon.mean": {
            "value": 0.10124843750000001,
            "min": 0.10124843750000001,
            "max": 0.198699859375,
            "count": 40
        },
        "walkingBehavior.Policy.Epsilon.sum": {
            "value": 1.012484375,
            "min": 0.9566414999999999,
            "max": 1.8878318750000003,
            "count": 40
        },
        "walkingBehavior.Policy.Beta.mean": {
            "value": 7.229703124999996e-05,
            "min": 7.229703124999996e-05,
            "max": 0.0049351229828125,
            "count": 40
        },
        "walkingBehavior.Policy.Beta.sum": {
            "value": 0.0007229703124999996,
            "min": 0.0007229703124999996,
            "max": 0.044402810562500006,
            "count": 40
        },
        "walkingBehavior.Environment.CumulativeReward.mean": {
            "value": 2.3064085447263016,
            "min": -96.11578947619388,
            "max": 2.3550744243823143,
            "count": 40
        },
        "walkingBehavior.Environment.CumulativeReward.sum": {
            "value": 1727.5,
            "min": -1826.2000000476837,
            "max": 1759.099999666214,
            "count": 40
        },
        "walkingBehavior.Policy.ExtrinsicReward.mean": {
            "value": 2.3064085447263016,
            "min": -96.11578947619388,
            "max": 2.3550744243823143,
            "count": 40
        },
        "walkingBehavior.Policy.ExtrinsicReward.sum": {
            "value": 1727.5,
            "min": -1826.2000000476837,
            "max": 1759.099999666214,
            "count": 40
        },
        "walkingBehavior.IsTraining.mean": {
            "value": 1.0,
            "min": 1.0,
            "max": 1.0,
            "count": 40
        },
        "walkingBehavior.IsTraining.sum": {
            "value": 1.0,
            "min": 1.0,
            "max": 1.0,
            "count": 40
        }
    },
    "metadata": {
        "timer_format_version": "0.1.0",
        "start_time_seconds": "1632392502",
        "python_version": "3.7.9 (tags/v3.7.9:13c94747c7, Aug 17 2020, 18:58:18) [MSC v.1900 64 bit (AMD64)]",
        "command_line_arguments": "C:\\Users\\Lukmai\\AppData\\Local\\Programs\\Python\\Python37\\Scripts\\mlagents-learn walkingBehavior.yaml --run-id PPO_WalkingNAttack",
        "mlagents_version": "0.25.0",
        "mlagents_envs_version": "0.25.0",
        "communication_protocol_version": "1.5.0",
        "pytorch_version": "1.8.2+cu102",
        "numpy_version": "1.19.5",
        "end_time_seconds": "1632393778"
    },
    "total": 1276.463233,
    "count": 1,
    "self": 0.20830200000000332,
    "children": {
        "run_training.setup": {
            "total": 0.11881079999999988,
            "count": 1,
            "self": 0.11881079999999988
        },
        "TrainerController.start_learning": {
            "total": 1276.1361202,
            "count": 1,
            "self": 1.8089688000138722,
            "children": {
                "TrainerController._reset_env": {
                    "total": 19.4231285,
                    "count": 1,
                    "self": 19.4231285
                },
                "TrainerController.advance": {
                    "total": 1254.661775099986,
                    "count": 60650,
                    "self": 1.0312172999733775,
                    "children": {
                        "env_step": {
                            "total": 1253.6305578000126,
                            "count": 60650,
                            "self": 884.7415195000079,
                            "children": {
                                "SubprocessEnvManager._take_step": {
                                    "total": 367.9327149000061,
                                    "count": 60650,
                                    "self": 4.075187900004323,
                                    "children": {
                                        "TorchPolicy.evaluate": {
                                            "total": 363.85752700000177,
                                            "count": 44457,
                                            "self": 83.82050670000189,
                                            "children": {
                                                "TorchPolicy.sample_actions": {
                                                    "total": 280.0370202999999,
                                                    "count": 44457,
                                                    "self": 280.0370202999999
                                                }
                                            }
                                        }
                                    }
                                },
                                "workers": {
                                    "total": 0.9563233999986203,
                                    "count": 60650,
                                    "self": 0.0,
                                    "children": {
                                        "worker_root": {
                                            "total": 1265.3112575999876,
                                            "count": 60650,
                                            "is_parallel": true,
                                            "self": 640.250280799983,