{
    "name": "root",
    "gauges": {
        "AttackBehavior.Policy.Entropy.mean": {
            "value": 2.9772918224334717,
            "min": 2.7120299339294434,
            "max": 3.4037065505981445,
            "count": 1920
        },
        "AttackBehavior.Policy.Entropy.sum": {
            "value": 59355.2890625,
            "min": 53619.53125,
            "max": 69129.1015625,
            "count": 1920
        },
        "AttackBehavior.Environment.EpisodeLength.mean": {
            "value": 30.41509433962264,
            "min": 28.236686390532544,
            "max": 56.58,
            "count": 1920
        },
        "AttackBehavior.Environment.EpisodeLength.sum": {
            "value": 19344.0,
            "min": 16974.0,
            "max": 19832.0,
            "count": 1920
        },
        "AttackBehavior.Step.mean": {
            "value": 39999957.0,
            "min": 1619954.0,
            "max": 39999957.0,
            "count": 1920
        },
        "AttackBehavior.Step.sum": {
            "value": 39999957.0,
            "min": 1619954.0,
            "max": 39999957.0,
            "count": 1920
        },
        "AttackBehavior.Policy.ExtrinsicValueEstimate.mean": {
            "value": 1.1873363256454468,
            "min": -0.07843320071697235,
            "max": 1.2623798847198486,
            "count": 1920
        },
        "AttackBehavior.Policy.ExtrinsicValueEstimate.sum": {
            "value": 755.1458740234375,
            "min": -30.27521514892578,
            "max": 840.7930908203125,
            "count": 1920
        },
        "AttackBehavior.Environment.CumulativeReward.mean": {
            "value": 2.556603773584906,
            "min": -0.5167785234899329,
            "max": 2.675738724727838,
            "count": 1920
        },
        "AttackBehavior.Environment.CumulativeReward.sum": {
            "value": 1626.0,
            "min": -161.5,
            "max": 1731.5,
            "count": 1920
        },
        "AttackBehavior.Policy.ExtrinsicReward.mean": {
            "value": 2.556603773584906,
            "min": -0.5167785234899329,
            "max": 2.675738724727838,
            "count": 1920
        },
        "AttackBehavior.Policy.ExtrinsicReward.sum": {
            "value": 1626.0,
            "min": -161.5,
            "max": 1731.5,
            "count": 1920
        },
        "AttackBehavior.IsTraining.mean": {
            "value": 1.0,
            "min": 1.0,
            "max": 1.0,
            "count": 1920
        },
        "AttackBehavior.IsTraining.sum": {
            "value": 1.0,
            "min": 1.0,
            "max": 1.0,
            "count": 1920
        },
        "AttackBehavior.Losses.PolicyLoss.mean": {
            "value": 0.016443107444501948,
            "min": 0.011112561759364325,
            "max": 0.02451805777091067,
            "count": 1867
        },
        "AttackBehavior.Losses.PolicyLoss.sum": {
            "value": 0.016443107444501948,
            "min": 0.011112561759364325,
            "max": 0.02451805777091067,
            "count": 1867
        },
        "AttackBehavior.Losses.ValueLoss.mean": {
            "value": 0.7963595509529113,
            "min": 0.44180948585271834,
            "max": 1.0147009924054147,
            "count": 1867
        },
        "AttackBehavior.Losses.ValueLoss.sum": {
            "value": 0.7963595509529113,
            "min": 0.44180948585271834,
            "max": 1.0147009924054147,
            "count": 1867
        },
        "AttackBehavior.Policy.LearningRate.mean": {
            "value": 0.0002,
            "min": 0.0002,
            "max": 0.0002,
            "count": 1867
        },
        "AttackBehavior.Policy.LearningRate.sum": {
            "value": 0.0002,
            "min": 0.0002,
            "max": 0.0002,
            "count": 1867
        },
        "AttackBehavior.Policy.Epsilon.mean": {
            "value": 0.15,
            "min": 0.15,
            "max": 0.15,
            "count": 1867
        },
        "AttackBehavior.Policy.Epsilon.sum": {
            "value": 0.15,
            "min": 0.15,
            "max": 0.15,
            "count": 1867
        },
        "AttackBehavior.Policy.Beta.mean": {
            "value": 0.003,
            "min": 0.003,
            "max": 0.003,
            "count": 1867
        },
        "AttackBehavior.Policy.Beta.sum": {
            "value": 0.003,
            "min": 0.003,
            "max": 0.003,
            "count": 1867
        }
    },
    "metadata": {
        "timer_format_version": "0.1.0",
        "start_time_seconds": "1645043610",
        "python_version": "3.8.10 (tags/v3.8.10:3d8993a, May  3 2021, 11:48:03) [MSC v.1928 64 bit (AMD64)]",
        "command_line_arguments": "C:\\Users\\lukma\\AppData\\Local\\Programs\\Python\\Python38\\Scripts\\mlagents-learn attackbehavior.yaml --run-id=Walk_V2_40M --resume",
        "mlagents_version": "0.26.0",
        "mlagents_envs_version": "0.26.0",
        "communication_protocol_version": "1.5.0",
        "pytorch_version": "1.8.2+cu102",
        "numpy_version": "1.21.3",
        "end_time_seconds": "1645121080"
    },
    "total": 77469.3388181,
    "count": 1,
    "self": 0.12670490000164136,
    "children": {
        "run_training.setup": {
            "total": 0.10727730000000002,
            "count": 1,
            "self": 0.10727730000000002
        },
        "TrainerController.start_learning": {
            "total": 77469.1048359,
            "count": 1,
            "self": 32.7720941050211,
            "children": {
                "TrainerController._reset_env": {
                    "total": 28.7626159,
                    "count": 1,
                    "self": 28.7626159
                },
                "TrainerController.advance": {
                    "total": 77407.35066909497,
                    "count": 1552832,
                    "self": 32.85128119366709,
                    "children": {
                        "env_step": {
                            "total": 62770.230963001246,
                            "count": 1552832,
                            "self": 51058.07852320649,
                            "children": {
                                "SubprocessEnvManager._take_step": {
                                    "total": 11691.024278398772,
                                    "count": 1552832,
                                    "self": 162.50007480235945,
                                    "children": {
                                        "TorchPolicy.evaluate": {
                                            "total": 11528.524203596413,
                                            "count": 2399854,
                                            "self": 2041.0284621918163,
                                            "children": {
                                                "TorchPolicy.sample_actions": {
                                                    "total": 9487.495741404597,
                                                    "count": 2399854,
                                                    "self": 9487.495741404597
                                                }
                                            }
                                        }
                                    }
                                },
                                "workers": {
                                    "total": 21.12816139598759,
                                    "count": 1552832,
                                    "self": 0.0,
                                    "children": {
                                        "worker_root": {
                                            "total": 77389.76997130415,
                                            "count": 1552832,
                                            "is_parallel": true,
                                            "self": 29294.254138302727,