{
    "name": "root",
    "gauges": {
        "AttackBehavior.Policy.Entropy.mean": {
            "value": 3.5963196754455566,
            "min": 3.36476993560791,
            "max": 3.990246057510376,
            "count": 1453
        },
        "AttackBehavior.Policy.Entropy.sum": {
            "value": 71581.1484375,
            "min": 64326.28515625,
            "max": 83217.171875,
            "count": 1453
        },
        "AttackBehavior.Environment.EpisodeLength.mean": {
            "value": 45.04816513761468,
            "min": 38.3156862745098,
            "max": 75.24045801526718,
            "count": 1453
        },
        "AttackBehavior.Environment.EpisodeLength.sum": {
            "value": 19641.0,
            "min": 18999.0,
            "max": 20138.0,
            "count": 1453
        },
        "AttackBehavior.Step.mean": {
            "value": 35939998.0,
            "min": 6899921.0,
            "max": 35939998.0,
            "count": 1453
        },
        "AttackBehavior.Step.sum": {
            "value": 35939998.0,
            "min": 6899921.0,
            "max": 35939998.0,
            "count": 1453
        },
        "AttackBehavior.Policy.ExtrinsicValueEstimate.mean": {
            "value": 0.14547298848628998,
            "min": 0.04948792979121208,
            "max": 0.22028574347496033,
            "count": 1453
        },
        "AttackBehavior.Policy.ExtrinsicValueEstimate.sum": {
            "value": 63.42622375488281,
            "min": 14.153548240661621,
            "max": 110.3631591796875,
            "count": 1453
        },
        "AttackBehavior.Environment.CumulativeReward.mean": {
            "value": 0.1928761423727788,
            "min": -0.02495037508374862,
            "max": 0.23614171593489047,
            "count": 1453
        },
        "AttackBehavior.Environment.CumulativeReward.sum": {
            "value": 84.09399807453156,
            "min": -6.536998271942139,
            "max": 119.1940004825592,
            "count": 1453
        },
        "AttackBehavior.Policy.ExtrinsicReward.mean": {
            "value": 0.1928761423727788,
            "min": -0.02495037508374862,
            "max": 0.23614171593489047,
            "count": 1453
        },
        "AttackBehavior.Policy.ExtrinsicReward.sum": {
            "value": 84.09399807453156,
            "min": -6.536998271942139,
            "max": 119.1940004825592,
            "count": 1453
        },
        "AttackBehavior.IsTraining.mean": {
            "value": 1.0,
            "min": 1.0,
            "max": 1.0,
            "count": 1453
        },
        "AttackBehavior.IsTraining.sum": {
            "value": 1.0,
            "min": 1.0,
            "max": 1.0,
            "count": 1453
        },
        "AttackBehavior.Losses.PolicyLoss.mean": {
            "value": 0.016614796086832938,
            "min": 0.010919866253971122,
            "max": 0.02296142398263328,
            "count": 1415
        },
        "AttackBehavior.Losses.PolicyLoss.sum": {
            "value": 0.016614796086832938,
            "min": 0.010919866253971122,
            "max": 0.02296142398263328,
            "count": 1415
        },
        "AttackBehavior.Losses.ValueLoss.mean": {
            "value": 0.23514008820056914,
            "min": 0.14489807654172182,
            "max": 0.27237961515784265,
            "count": 1415
        },
        "AttackBehavior.Losses.ValueLoss.sum": {
            "value": 0.23514008820056914,
            "min": 0.14489807654172182,
            "max": 0.27237961515784265,
            "count": 1415
        },
        "AttackBehavior.Policy.LearningRate.mean": {
            "value": 0.0002,
            "min": 0.0002,
            "max": 0.0002,
            "count": 1415
        },
        "AttackBehavior.Policy.LearningRate.sum": {
            "value": 0.0002,
            "min": 0.0002,
            "max": 0.0002,
            "count": 1415
        },
        "AttackBehavior.Policy.Epsilon.mean": {
            "value": 0.15,
            "min": 0.15,
            "max": 0.15,
            "count": 1415
        },
        "AttackBehavior.Policy.Epsilon.sum": {
            "value": 0.15,
            "min": 0.15,
            "max": 0.15,
            "count": 1415
        },
        "AttackBehavior.Policy.Beta.mean": {
            "value": 0.003,
            "min": 0.003,
            "max": 0.003,
            "count": 1415
        },
        "AttackBehavior.Policy.Beta.sum": {
            "value": 0.003,
            "min": 0.003,
            "max": 0.003,
            "count": 1415
        }
    },
    "metadata": {
        "timer_format_version": "0.1.0",
        "start_time_seconds": "1645387053",
        "python_version": "3.8.10 (tags/v3.8.10:3d8993a, May  3 2021, 11:48:03) [MSC v.1928 64 bit (AMD64)]",
        "command_line_arguments": "C:\\Users\\lukma\\AppData\\Local\\Programs\\Python\\Python38\\Scripts\\mlagents-learn attackbehavior.yaml --run-id=Walk_NoShield --no-graphics --resume",
        "mlagents_version": "0.26.0",
        "mlagents_envs_version": "0.26.0",
        "communication_protocol_version": "1.5.0",
        "pytorch_version": "1.8.2+cu102",
        "numpy_version": "1.21.3",
        "end_time_seconds": "1645432901"
    },
    "total": 45848.0256448,
    "count": 1,
    "self": 0.012558999995235354,
    "children": {
        "run_training.setup": {
            "total": 0.10606819999999995,
            "count": 1,
            "self": 0.10606819999999995
        },
        "TrainerController.start_learning": {
            "total": 45847.9070176,
            "count": 1,
            "self": 27.671336600506038,
            "children": {
                "TrainerController._reset_env": {
                    "total": 8.461175200000001,
                    "count": 1,
                    "self": 8.461175200000001
                },
                "TrainerController.advance": {
                    "total": 45811.519443099496,
                    "count": 1458660,
                    "self": 29.40581839888182,
                    "children": {
                        "env_step": {
                            "total": 35968.0269932012,
                            "count": 1458660,
                            "self": 27659.405957202252,
                            "children": {
                                "SubprocessEnvManager._take_step": {
                                    "total": 8289.974040100165,
                                    "count": 1458660,
                                    "self": 109.44879709510042,
                                    "children": {
                                        "TorchPolicy.evaluate": {
                                            "total": 8180.525243005065,
                                            "count": 1816781,
                                            "self": 1440.6309874998224,
                                            "children": {
                                                "TorchPolicy.sample_actions": {
                                                    "total": 6739.894255505243,
                                                    "count": 1816781,
                                                    "self": 6739.894255505243
                                                }
                                            }
                                        }
                                    }
                                },
                                "workers": {
                                    "total": 18.646995898782954,
                                    "count": 1458659,
                                    "self": 0.0,
                                    "children": {
                                        "worker_root": {
                                            "total": 45795.414965298936,
                                            "count": 1458659,
                                            "is_parallel": true,