{"cameraMode":{"drawMode":0,"name":"Shaded","section":"Shading Mode"},"sceneLighting":false,"audioPlay":false,"sceneViewState":{"m_AlwaysRefresh":false,"showFog":true,"showSkybox":false,"showFlares":true,"showImageEffects":true,"showParticleSystems":true,"showVisualEffectGraphs":true,"m_FxEnabled":true},"in2DMode":false,"pivot":{"x":0.020099999383091928,"y":-0.002599999774247408,"z":0.0010000001639127732},"rotation":{"x":0.057963382452726367,"y":0.8881630897521973,"z":-0.11687030643224716,"w":0.44093528389930727},"size":0.009301821701228619,"orthographic":false}