{
    "name": "root",
    "gauges": {
        "AttackBehavior.Policy.Entropy.mean": {
            "value": 2.579566478729248,
            "min": 1.8398305177688599,
            "max": 2.599274158477783,
            "count": 286
        },
        "AttackBehavior.Policy.Entropy.sum": {
            "value": 52004.0625,
            "min": 36939.5,
            "max": 52004.0625,
            "count": 286
        },
        "AttackBehavior.Environment.EpisodeLength.mean": {
            "value": 25.796246648793566,
            "min": 17.271897810218977,
            "max": 26.116531165311653,
            "count": 286
        },
        "AttackBehavior.Environment.EpisodeLength.sum": {
            "value": 19244.0,
            "min": 18900.0,
            "max": 19308.0,
            "count": 286
        },
        "AttackBehavior.Step.mean": {
            "value": 20719981.0,
            "min": 15019993.0,
            "max": 20719981.0,
            "count": 286
        },
        "AttackBehavior.Step.sum": {
            "value": 20719981.0,
            "min": 15019993.0,
            "max": 20719981.0,
            "count": 286
        },
        "AttackBehavior.Policy.ExtrinsicValueEstimate.mean": {
            "value": 0.1558365821838379,
            "min": 0.04368630796670914,
            "max": 0.17460715770721436,
            "count": 286
        },
        "AttackBehavior.Policy.ExtrinsicValueEstimate.sum": {
            "value": 116.25408935546875,
            "min": 42.28834533691406,
            "max": 155.59130859375,
            "count": 286
        },
        "AttackBehavior.Policy.CuriosityValueEstimate.mean": {
            "value": 0.08220821619033813,
            "min": 0.06661632657051086,
            "max": 0.0947965681552887,
            "count": 286
        },
        "AttackBehavior.Policy.CuriosityValueEstimate.sum": {
            "value": 61.327327728271484,
            "min": 60.667755126953125,
            "max": 79.30854797363281,
            "count": 286
        },
        "AttackBehavior.Environment.CumulativeReward.mean": {
            "value": -0.09782567794057703,
            "min": -0.28174107709837526,
            "max": -0.06235252888255389,
            "count": 286
        },
        "AttackBehavior.Environment.CumulativeReward.sum": {
            "value": -72.97795574367046,
            "min": -268.59696067869663,
            "max": -50.754958510398865,
            "count": 286
        },
        "AttackBehavior.Policy.ExtrinsicReward.mean": {
            "value": -0.09782567794057703,
            "min": -0.28174107709837526,
            "max": -0.06235252888255389,
            "count": 286
        },
        "AttackBehavior.Policy.ExtrinsicReward.sum": {
            "value": -72.97795574367046,
            "min": -268.59696067869663,
            "max": -50.754958510398865,
            "count": 286
        },
        "AttackBehavior.Policy.CuriosityReward.mean": {
            "value": 0.05606983129769044,
            "min": 0.0,
            "max": 0.05804743678020669,
            "count": 286
        },
        "AttackBehavior.Policy.CuriosityReward.sum": {
            "value": 41.82809414807707,
            "min": 0.0,
            "max": 45.62573022686411,
            "count": 286
        },
        "AttackBehavior.IsTraining.mean": {
            "value": 1.0,
            "min": 1.0,
            "max": 1.0,
            "count": 286
        },
        "AttackBehavior.IsTraining.sum": {
            "value": 1.0,
            "min": 1.0,
            "max": 1.0,
            "count": 286
        },
        "AttackBehavior.Losses.PolicyLoss.mean": {
            "value": 0.016636736504733563,
            "min": 0.010216349475376774,
            "max": 0.023657118264509336,
            "count": 278
        },
        "AttackBehavior.Losses.PolicyLoss.sum": {
            "value": 0.016636736504733563,
            "min": 0.010216349475376774,
            "max": 0.023657118264509336,
            "count": 278
        },
        "AttackBehavior.Losses.ValueLoss.mean": {
            "value": 0.22865199483931065,
            "min": 0.21530334316194058,
            "max": 0.33550268560647967,
            "count": 278
        },
        "AttackBehavior.Losses.ValueLoss.sum": {
            "value": 0.22865199483931065,
            "min": 0.21530334316194058,
            "max": 0.33550268560647967,
            "count": 278
        },
        "AttackBehavior.Policy.LearningRate.mean": {
            "value": 0.0002,
            "min": 0.0002,
            "max": 0.0002,
            "count": 278
        },
        "AttackBehavior.Policy.LearningRate.sum": {
            "value": 0.0002,
            "min": 0.0002,
            "max": 0.0002,
            "count": 278
        },
        "AttackBehavior.Policy.Epsilon.mean": {
            "value": 0.15,
            "min": 0.15,
            "max": 0.15,
            "count": 278
        },
        "AttackBehavior.Policy.Epsilon.sum": {
            "value": 0.15,
            "min": 0.15,
            "max": 0.15,
            "count": 278
        },
        "AttackBehavior.Policy.Beta.mean": {
            "value": 0.003,
            "min": 0.003,
            "max": 0.003,
            "count": 278
        },
        "AttackBehavior.Policy.Beta.sum": {
            "value": 0.003,
            "min": 0.003,
            "max": 0.003,
            "count": 278
        },
        "AttackBehavior.Losses.CuriosityForwardLoss.mean": {
            "value": 0.10528479646891356,
            "min": 0.09279205612838268,
            "max": 0.11329770069569349,
            "count": 278
        },
        "AttackBehavior.Losses.CuriosityForwardLoss.sum": {
            "value": 0.10528479646891356,
            "min": 0.09279205612838268,
            "max": 0.11329770069569349,
            "count": 278
        },
        "AttackBehavior.Losses.CuriosityInverseLoss.mean": {
            "value": 1.4116981327533722,
            "min": 1.17051719725132,
            "max": 1.4889699786901474,
            "count": 278
        },
        "AttackBehavior.Losses.CuriosityInverseLoss.sum": {
            "value": 1.4116981327533722,
            "min": 1.17051719725132,
            "max": 1.4889699786901474,
            "count": 278
        }
    },
    "metadata": {
        "timer_format_version": "0.1.0",
        "start_time_seconds": "1649587267",
        "python_version": "3.8.10 (tags/v3.8.10:3d8993a, May  3 2021, 11:48:03) [MSC v.1928 64 bit (AMD64)]",
        "command_line_arguments": "C:\\Users\\lukma\\AppData\\Local\\Programs\\Python\\Python38\\Scripts\\mlagents-learn attackbehavior.yaml --initialize-from=sword_10_DP20",
        "mlagents_version": "0.26.0",
        "mlagents_envs_version": "0.26.0",
        "communication_protocol_version": "1.5.0",
        "pytorch_version": "1.8.2+cu102",
        "numpy_version": "1.21.3",
        "end_time_seconds": "1649600892"
    },
    "total": 13624.6348441,
    "count": 1,
    "self": 0.011383199998817872,
    "children": {
        "run_training.setup": {
            "total": 0.1312663999999999,
            "count": 1,
            "self": 0.1312663999999999
        },
        "TrainerController.start_learning": {
            "total": 13624.4921945,
            "count": 1,
            "self": 6.909342900053161,
            "children": {
                "TrainerController._reset_env": {
                    "total": 22.789886,
                    "count": 1,
                    "self": 22.789886
                },
                "TrainerController.advance": {
                    "total": 13594.553143399948,
                    "count": 286127,
                    "self": 6.667339099944002,
                    "children": {
                        "env_step": {
                            "total": 9782.096156200045,
                            "count": 286127,
                            "self": 7885.045365600527,