{
    "name": "root",
    "gauges": {
        "Default.Policy.Entropy.mean": {
            "value": 0.35096970200538635,
            "min": 0.35096970200538635,
            "max": 0.8280171751976013,
            "count": 10
        },
        "Default.Policy.Entropy.sum": {
            "value": 17537.25390625,
            "min": 17537.25390625,
            "max": 41568.1171875,
            "count": 10
        },
        "Default.Environment.EpisodeLength.mean": {
            "value": 22.40262172284644,
            "min": 22.40262172284644,
            "max": 23.099277108433736,
            "count": 10
        },
        "Default.Environment.EpisodeLength.sum": {
            "value": 47852.0,
            "min": 47852.0,
            "max": 47941.0,
            "count": 10
        },
        "Default.Policy.ExtrinsicValueEstimate.mean": {
            "value": 2.4869256019592285,
            "min": 1.0299206972122192,
            "max": 2.5142321586608887,
            "count": 10
        },
        "Default.Policy.ExtrinsicValueEstimate.sum": {
            "value": 5312.0732421875,
            "min": 2136.055419921875,
            "max": 5325.1435546875,
            "count": 10
        },
        "Default.Environment.CumulativeReward.mean": {
            "value": 2.628230338016253,
            "min": 0.03100288586768258,
            "max": 2.648857142357599,
            "count": 10
        },
        "Default.Environment.CumulativeReward.sum": {
            "value": 5613.900002002716,
            "min": 64.29998528957367,
            "max": 5613.900002002716,
            "count": 10
        },
        "Default.Policy.ExtrinsicReward.mean": {
            "value": 2.628230338016253,
            "min": 0.03100288586768258,
            "max": 2.648857142357599,
            "count": 10
        },
        "Default.Policy.ExtrinsicReward.sum": {
            "value": 5613.900002002716,
            "min": 64.29998528957367,
            "max": 5613.900002002716,
            "count": 10
        },
        "Default.Losses.PolicyLoss.mean": {
            "value": 0.02426948969732621,
            "min": 0.01975338777113393,
            "max": 0.02475910373565663,
            "count": 10
        },
        "Default.Losses.PolicyLoss.sum": {
            "value": 0.12134744848663104,
            "min": 0.09783733990043403,
            "max": 0.12376666370643458,
            "count": 10
        },
        "Default.Losses.ValueLoss.mean": {
            "value": 0.4209594482183457,
            "min": 0.410786363085111,
            "max": 1.2254633595546085,
            "count": 10
        },
        "Default.Losses.ValueLoss.sum": {
            "value": 2.1047972410917284,
            "min": 1.701918152968089,
            "max": 4.901853438218434,
            "count": 10
        },
        "Default.Policy.LearningRate.mean": {
            "value": 1.685157438284e-05,
            "min": 1.685157438284e-05,
            "max": 0.000284622005126,
            "count": 10
        },
        "Default.Policy.LearningRate.sum": {
            "value": 8.42578719142e-05,
            "min": 8.42578719142e-05,
            "max": 0.0012846972717675998,
            "count": 10
        },
        "Default.Policy.Epsilon.mean": {
            "value": 0.10561715999999999,
            "min": 0.10561715999999999,
            "max": 0.19487399999999994,
            "count": 10
        },
        "Default.Policy.Epsilon.sum": {
            "value": 0.5280857999999999,
            "min": 0.5004164,
            "max": 0.9282324000000002,
            "count": 10
        },
        "Default.Policy.Beta.mean": {
            "value": 0.00029029628400000006,
            "min": 0.00029029628400000006,
            "max": 0.0047442126000000005,
            "count": 10
        },
        "Default.Policy.Beta.sum": {
            "value": 0.0014514814200000004,
            "min": 0.0014514814200000004,
            "max": 0.021418796759999997,
            "count": 10
        },
        "Default.IsTraining.mean": {
            "value": 1.0,
            "min": 1.0,
            "max": 1.0,
            "count": 10
        },
        "Default.IsTraining.sum": {
            "value": 1.0,
            "min": 1.0,
            "max": 1.0,
            "count": 10
        }
    },
    "metadata": {
        "timer_format_version": "0.1.0",
        "start_time_seconds": "1632334530",
        "python_version": "3.7.9 (tags/v3.7.9:13c94747c7, Aug 17 2020, 18:58:18) [MSC v.1900 64 bit (AMD64)]",
        "command_line_arguments": "C:\\Users\\Lukmai\\AppData\\Local\\Programs\\Python\\Python37\\Scripts\\mlagents-learn walkingBehavior.yaml --initialize-from=walking_completely",
        "mlagents_version": "0.25.0",
        "mlagents_envs_version": "0.25.0",
        "communication_protocol_version": "1.5.0",
        "pytorch_version": "1.8.2+cu102",
        "numpy_version": "1.19.5",
        "end_time_seconds": "1632335375"
    },
    "total": 845.4702748,
    "count": 1,
    "self": 0.01859839999997348,
    "children": {
        "run_training.setup": {
            "total": 0.12602990000000003,
            "count": 1,
            "self": 0.12602990000000003
        },
        "TrainerController.start_learning": {
            "total": 845.3256465,
            "count": 1,
            "self": 1.312210099998083,
            "children": {
                "TrainerController._reset_env": {
                    "total": 19.4493896,
                    "count": 1,
                    "self": 19.4493896
                },
                "TrainerController.advance": {
                    "total": 824.3896629000019,
                    "count": 42851,
                    "self": 0.7106019999923774,
                    "children": {
                        "env_step": {
                            "total": 823.6790609000095,
                            "count": 42851,
                            "self": 600.6611198000014,
                            "children": {
                                "SubprocessEnvManager._take_step": {
                                    "total": 222.35245570000558,
                                    "count": 42851,
                                    "self": 2.5593764000001897,
                                    "children": {
                                        "TorchPolicy.evaluate": {
                                            "total": 219.7930793000054,
                                            "count": 27796,
                                            "self": 43.05626540001495,
                                            "children": {
                                                "TorchPolicy.sample_actions": {
                                                    "total": 176.73681389999044,
                                                    "count": 27796,
                                                    "self": 176.73681389999044
                                                }
                                            }
                                        }
                                    }
                                },
                                "workers": {
                                    "total": 0.6654854000024919,
                                    "count": 42851,
                                    "self": 0.0,
                                    "children": {
                                        "worker_root": {
                                            "total": 837.1903257000045,
                                            "count": 42851,
                                            "is_parallel": true,
                                            "self": 358.2374201000091,
                                            "children": {
                                                "steps_from_proto": {
                                                    "total": 0.0006284000000000844,
                                                    "count": 1,