{
    "name": "root",
    "gauges": {
        "AttackBehavior.Policy.Entropy.mean": {
            "value": 3.098281145095825,
            "min": 3.064718246459961,
            "max": 3.149658679962158,
            "count": 13
        },
        "AttackBehavior.Policy.Entropy.sum": {
            "value": 89230.5,
            "min": 49841.7109375,
            "max": 90456.5625,
            "count": 13
        },
        "AttackBehavior.Environment.EpisodeLength.mean": {
            "value": 263.6578947368421,
            "min": 199.0,
            "max": 299.0,
            "count": 13
        },
        "AttackBehavior.Environment.EpisodeLength.sum": {
            "value": 20038.0,
            "min": 15936.0,
            "max": 29090.0,
            "count": 13
        },
        "AttackBehavior.Step.mean": {
            "value": 2259932.0,
            "min": 2019976.0,
            "max": 2259932.0,
            "count": 13
        },
        "AttackBehavior.Step.sum": {
            "value": 2259932.0,
            "min": 2019976.0,
            "max": 2259932.0,
            "count": 13
        },
        "AttackBehavior.Policy.ExtrinsicValueEstimate.mean": {
            "value": -0.06329329311847687,
            "min": -0.09930303692817688,
            "max": -0.045055240392684937,
            "count": 13
        },
        "AttackBehavior.Policy.ExtrinsicValueEstimate.sum": {
            "value": -4.9368767738342285,
            "min": -9.235182762145996,
            "max": -3.355039596557617,
            "count": 13
        },
        "AttackBehavior.Environment.CumulativeReward.mean": {
            "value": -0.48717948717948717,
            "min": -0.6236559152603149,
            "max": -0.43243243243243246,
            "count": 13
        },
        "AttackBehavior.Environment.CumulativeReward.sum": {
            "value": -38.0,
            "min": -58.00000011920929,
            "max": -32.0,
            "count": 13
        },
        "AttackBehavior.Policy.ExtrinsicReward.mean": {
            "value": -0.48717948717948717,
            "min": -0.6236559152603149,
            "max": -0.43243243243243246,
            "count": 13
        },
        "AttackBehavior.Policy.ExtrinsicReward.sum": {
            "value": -38.0,
            "min": -58.00000011920929,
            "max": -32.0,
            "count": 13
        },
        "AttackBehavior.IsTraining.mean": {
            "value": 1.0,
            "min": 1.0,
            "max": 1.0,
            "count": 13
        },
        "AttackBehavior.IsTraining.sum": {
            "value": 1.0,
            "min": 1.0,
            "max": 1.0,
            "count": 13
        },
        "AttackBehavior.Losses.PolicyLoss.mean": {
            "value": 0.017629611975280568,
            "min": 0.013890330608074482,
            "max": 0.017815089686057314,
            "count": 10
        },
        "AttackBehavior.Losses.PolicyLoss.sum": {
            "value": 0.017629611975280568,
            "min": 0.013890330608074482,
            "max": 0.017815089686057314,
            "count": 10
        },
        "AttackBehavior.Losses.ValueLoss.mean": {
            "value": 0.015501091768965126,
            "min": 0.005983986097687323,
            "max": 0.016671449947170913,
            "count": 10
        },
        "AttackBehavior.Losses.ValueLoss.sum": {
            "value": 0.015501091768965126,
            "min": 0.005983986097687323,
            "max": 0.016671449947170913,
            "count": 10
        },
        "AttackBehavior.Policy.LearningRate.mean": {
            "value": 0.0002,
            "min": 0.0002,
            "max": 0.00020000000000000006,
            "count": 10
        },
        "AttackBehavior.Policy.LearningRate.sum": {
            "value": 0.0002,
            "min": 0.0002,
            "max": 0.00020000000000000006,
            "count": 10
        },
        "AttackBehavior.Policy.Epsilon.mean": {
            "value": 0.15,
            "min": 0.15,
            "max": 0.15000000000000002,
            "count": 10
        },
        "AttackBehavior.Policy.Epsilon.sum": {
            "value": 0.15,
            "min": 0.15,
            "max": 0.15000000000000002,
            "count": 10
        },
        "AttackBehavior.Policy.Beta.mean": {
            "value": 0.003,
            "min": 0.0029999999999999996,
            "max": 0.003,
            "count": 10
        },
        "AttackBehavior.Policy.Beta.sum": {
            "value": 0.003,
            "min": 0.0029999999999999996,
            "max": 0.003,
            "count": 10
        }
    },
    "metadata": {
        "timer_format_version": "0.1.0",
        "start_time_seconds": "1636023570",
        "python_version": "3.8.10 (tags/v3.8.10:3d8993a, May  3 2021, 11:48:03) [MSC v.1928 64 bit (AMD64)]",
        "command_line_arguments": "C:\\Users\\lukma\\AppData\\Local\\Programs\\Python\\Python38\\Scripts\\mlagents-learn AttackBehavior.yaml --run-id=attack_02 --resume",
        "mlagents_version": "0.26.0",
        "mlagents_envs_version": "0.26.0",
        "communication_protocol_version": "1.5.0",
        "pytorch_version": "1.8.2+cu102",
        "numpy_version": "1.21.3",
        "end_time_seconds": "1636023935"
    },
    "total": 364.8240648,
    "count": 1,
    "self": 0.005257299999982479,
    "children": {
        "run_training.setup": {
            "total": 0.10104159999999984,
            "count": 1,
            "self": 0.10104159999999984
        },
        "TrainerController.start_learning": {
            "total": 364.7177659,
            "count": 1,
            "self": 0.1697345000023347,
            "children": {
                "TrainerController._reset_env": {
                    "total": 10.7126892,
                    "count": 1,
                    "self": 10.7126892
                },
                "TrainerController.advance": {
                    "total": 353.6159113999977,
                    "count": 8464,
                    "self": 0.17419409999899926,
                    "children": {
                        "env_step": {
                            "total": 283.22769879999913,
                            "count": 8464,
                            "self": 213.79744090000042,
                            "children": {
                                "SubprocessEnvManager._take_step": {
                                    "total": 69.31563299999894,
                                    "count": 8464,
                                    "self": 1.177572099997974,
                                    "children": {
                                        "TorchPolicy.evaluate": {
                                            "total": 68.13806090000097,
                                            "count": 16832,
                                            "self": 12.894620300001108,
                                            "children": {
                                                "TorchPolicy.sample_actions": {
                                                    "total": 55.24344059999986,
                                                    "count": 16832,
                                                    "self": 55.24344059999986
                                                }
                                            }
                                        }
                                    }
                                },
                                "workers": {
                                    "total": 0.114624899999761,
                                    "count": 8463,
                                    "self": 0.0,
                                    "children": {
                                        "worker_root": {
                                            "total": 355.5070080000026,
                                            "count": 8463,
                                            "is_parallel": true,
                                            "self": 159.76345050000123,