{"cameraMode":{"drawMode":0,"name":"Shaded","section":"Shading Mode"},"sceneLighting":false,"audioPlay":false,"sceneViewState":{"m_AlwaysRefresh":false,"showFog":true,"showSkybox":false,"showFlares":true,"showImageEffects":true,"showParticleSystems":true,"showVisualEffectGraphs":true,"m_FxEnabled":true},"in2DMode":false,"pivot":{"x":0.030585601925849916,"y":-0.02376168966293335,"z":-0.036657366901636127},"rotation":{"x":0.03441270813345909,"y":-0.9599807262420654,"z":0.13473442196846009,"w":0.24345938861370088},"size":0.10397697985172272,"orthographic":false}