{
    "name": "root",
    "gauges": {
        "AttackBehavior.Policy.Entropy.mean": {
            "value": 0.7183763384819031,
            "min": 0.5556840896606445,
            "max": 0.7183763384819031,
            "count": 461
        },
        "AttackBehavior.Policy.Entropy.sum": {
            "value": 12377.6240234375,
            "min": 7093.595703125,
            "max": 18619.556640625,
            "count": 461
        },
        "AttackBehavior.Environment.EpisodeLength.mean": {
            "value": 204.22916666666666,
            "min": 175.74074074074073,
            "max": 1397.7142857142858,
            "count": 461
        },
        "AttackBehavior.Environment.EpisodeLength.sum": {
            "value": 19606.0,
            "min": 2268.0,
            "max": 39136.0,
            "count": 461
        },
        "AttackBehavior.Step.mean": {
            "value": 32919905.0,
            "min": 23719884.0,
            "max": 32919905.0,
            "count": 461
        },
        "AttackBehavior.Step.sum": {
            "value": 32919905.0,
            "min": 23719884.0,
            "max": 32919905.0,
            "count": 461
        },
        "AttackBehavior.Policy.ExtrinsicValueEstimate.mean": {
            "value": -0.41158875823020935,
            "min": -0.4260636866092682,
            "max": 0.09510548412799835,
            "count": 461
        },
        "AttackBehavior.Policy.ExtrinsicValueEstimate.sum": {
            "value": -39.924110412597656,
            "min": -47.956871032714844,
            "max": 4.5270915031433105,
            "count": 461
        },
        "AttackBehavior.Environment.CumulativeReward.mean": {
            "value": -3.195876288659794,
            "min": -6.603448275862069,
            "max": 4.586206896551724,
            "count": 461
        },
        "AttackBehavior.Environment.CumulativeReward.sum": {
            "value": -310.0,
            "min": -358.5,
            "max": 133.0,
            "count": 461
        },
        "AttackBehavior.Policy.ExtrinsicReward.mean": {
            "value": -3.195876288659794,
            "min": -6.603448275862069,
            "max": 4.586206896551724,
            "count": 461
        },
        "AttackBehavior.Policy.ExtrinsicReward.sum": {
            "value": -310.0,
            "min": -358.5,
            "max": 133.0,
            "count": 461
        },
        "AttackBehavior.IsTraining.mean": {
            "value": 1.0,
            "min": 1.0,
            "max": 1.0,
            "count": 461
        },
        "AttackBehavior.IsTraining.sum": {
            "value": 1.0,
            "min": 1.0,
            "max": 1.0,
            "count": 461
        },
        "AttackBehavior.Losses.PolicyLoss.mean": {
            "value": 0.013759929861407727,
            "min": 0.012036909261951223,
            "max": 0.02282880279235542,
            "count": 434
        },
        "AttackBehavior.Losses.PolicyLoss.sum": {
            "value": 0.013759929861407727,
            "min": 0.012036909261951223,
            "max": 0.02282880279235542,
            "count": 434
        },
        "AttackBehavior.Losses.ValueLoss.mean": {
            "value": 0.2280902199447155,
            "min": 0.19886663593351842,
            "max": 0.4111520126461983,
            "count": 434
        },
        "AttackBehavior.Losses.ValueLoss.sum": {
            "value": 0.2280902199447155,
            "min": 0.19886663593351842,
            "max": 0.4111520126461983,
            "count": 434
        },
        "AttackBehavior.Policy.LearningRate.mean": {
            "value": 0.0002,
            "min": 0.0002,
            "max": 0.0002,
            "count": 434
        },
        "AttackBehavior.Policy.LearningRate.sum": {
            "value": 0.0002,
            "min": 0.0002,
            "max": 0.0002,
            "count": 434
        },
        "AttackBehavior.Policy.Epsilon.mean": {
            "value": 0.15,
            "min": 0.15,
            "max": 0.15,
            "count": 434
        },
        "AttackBehavior.Policy.Epsilon.sum": {
            "value": 0.15,
            "min": 0.15,
            "max": 0.15,
            "count": 434
        },
        "AttackBehavior.Policy.Beta.mean": {
            "value": 0.003,
            "min": 0.0029999999999999996,
            "max": 0.003,
            "count": 434
        },
        "AttackBehavior.Policy.Beta.sum": {
            "value": 0.003,
            "min": 0.0029999999999999996,
            "max": 0.003,
            "count": 434
        }
    },
    "metadata": {
        "timer_format_version": "0.1.0",
        "start_time_seconds": "1637823637",
        "python_version": "3.8.10 (tags/v3.8.10:3d8993a, May  3 2021, 11:48:03) [MSC v.1928 64 bit (AMD64)]",
        "command_line_arguments": "C:\\Users\\lukma\\AppData\\Local\\Programs\\Python\\Python38\\Scripts\\mlagents-learn attackBehavior.yaml --initialize-from=ATTACK_IMPROVE",
        "mlagents_version": "0.26.0",
        "mlagents_envs_version": "0.26.0",
        "communication_protocol_version": "1.5.0",
        "pytorch_version": "1.8.2+cu102",
        "numpy_version": "1.21.3",
        "end_time_seconds": "1637837799"
    },
    "total": 14161.9872643,
    "count": 1,
    "self": 0.014118900000539725,
    "children": {
        "run_training.setup": {
            "total": 0.39240280000000016,
            "count": 1,
            "self": 0.39240280000000016
        },
        "TrainerController.start_learning": {
            "total": 14161.5807426,
            "count": 1,
            "self": 6.236966699765617,
            "children": {
                "TrainerController._reset_env": {
                    "total": 46.5326285,
                    "count": 1,
                    "self": 46.5326285
                },
                "TrainerController.advance": {
                    "total": 14108.623745900235,
                    "count": 302635,
                    "self": 6.724988500058316,
                    "children": {
                        "env_step": {
                            "total": 11207.260541600337,
                            "count": 302635,
                            "self": 8654.073715700788,
                            "children": {
                                "SubprocessEnvManager._take_step": {
                                    "total": 2548.832514799367,
                                    "count": 302635,
                                    "self": 41.73324779896893,
                                    "children": {
                                        "TorchPolicy.evaluate": {
                                            "total": 2507.099267000398,
                                            "count": 584682,
                                            "self": 520.0427711003099,
                                            "children": {
                                                "TorchPolicy.sample_actions": {
                                                    "total": 1987.056495900088,
                                                    "count": 584682,
                                                    "self": 1987.056495900088
                                                }
                                            }
                                        }
                                    }
                                },
                                "workers": {
                                    "total": 4.3543111001824215,
                                    "count": 302634,
                                    "self": 0.0,
                                    "children": {
                                        "worker_root": {
                                            "total": 14107.032085800152,
                                            "count": 302634,
                                            "is_parallel": true,
                                            "self": 6131.255011100098,