{"cameraMode":{"drawMode":0,"name":"Shaded","section":"Shading Mode"},"sceneLighting":true,"audioPlay":false,"sceneViewState":{"m_AlwaysRefresh":false,"showFog":true,"showSkybox":true,"showFlares":true,"showImageEffects":true,"showParticleSystems":true,"showVisualEffectGraphs":true,"m_FxEnabled":true},"in2DMode":false,"pivot":{"x":0.48100000619888308,"y":0.8479999899864197,"z":0.6439999938011169},"rotation":{"x":0.13502265512943269,"y":0.3376159965991974,"z":-0.04870559647679329,"w":0.9305336475372315},"size":0.08631545305252075,"orthographic":false}