{
    "name": "root",
    "gauges": {
        "AttackBehavior.Policy.Entropy.mean": {
            "value": 3.6453728675842285,
            "min": 3.348099946975708,
            "max": 5.018969535827637,
            "count": 1128
        },
        "AttackBehavior.Policy.Entropy.sum": {
            "value": 68824.640625,
            "min": 60671.4921875,
            "max": 128390.5390625,
            "count": 1128
        },
        "AttackBehavior.Environment.EpisodeLength.mean": {
            "value": 160.05,
            "min": 131.49333333333334,
            "max": 451.25,
            "count": 1128
        },
        "AttackBehavior.Environment.EpisodeLength.sum": {
            "value": 19206.0,
            "min": 12768.0,
            "max": 25536.0,
            "count": 1128
        },
        "AttackBehavior.Step.mean": {
            "value": 22679831.0,
            "min": 139600.0,
            "max": 22679831.0,
            "count": 1128
        },
        "AttackBehavior.Step.sum": {
            "value": 22679831.0,
            "min": 139600.0,
            "max": 22679831.0,
            "count": 1128
        },
        "AttackBehavior.Policy.ExtrinsicValueEstimate.mean": {
            "value": -0.27835360169410706,
            "min": -0.9055002331733704,
            "max": -0.24850833415985107,
            "count": 1128
        },
        "AttackBehavior.Policy.ExtrinsicValueEstimate.sum": {
            "value": -33.6807861328125,
            "min": -52.24460220336914,
            "max": -19.85442543029785,
            "count": 1128
        },
        "AttackBehavior.Policy.CuriosityValueEstimate.mean": {
            "value": 0.06758870929479599,
            "min": 0.01490859966725111,
            "max": 0.2101374715566635,
            "count": 1128
        },
        "AttackBehavior.Policy.CuriosityValueEstimate.sum": {
            "value": 8.178234100341797,
            "min": 0.7454299926757812,
            "max": 11.733457565307617,
            "count": 1128
        },
        "AttackBehavior.Environment.CumulativeReward.mean": {
            "value": -3.288760025146579,
            "min": -15.845304761614118,
            "max": -2.43189385632016,
            "count": 1128
        },
        "AttackBehavior.Environment.CumulativeReward.sum": {
            "value": -397.93996304273605,
            "min": -776.4199333190918,
            "max": -364.8059706687927,
            "count": 1128
        },
        "AttackBehavior.Policy.ExtrinsicReward.mean": {
            "value": -3.288760025146579,
            "min": -15.845304761614118,
            "max": -2.43189385632016,
            "count": 1128
        },
        "AttackBehavior.Policy.ExtrinsicReward.sum": {
            "value": -397.93996304273605,
            "min": -776.4199333190918,
            "max": -364.8059706687927,
            "count": 1128
        },
        "AttackBehavior.Policy.CuriosityReward.mean": {
            "value": 0.343965549299047,
            "min": 0.0,
            "max": 2.613937475681305,
            "count": 1128
        },
        "AttackBehavior.Policy.CuriosityReward.sum": {
            "value": 41.61983146518469,
            "min": 0.0,
            "max": 130.69687378406525,
            "count": 1128
        },
        "AttackBehavior.IsTraining.mean": {
            "value": 1.0,
            "min": 1.0,
            "max": 1.0,
            "count": 1128
        },
        "AttackBehavior.IsTraining.sum": {
            "value": 1.0,
            "min": 1.0,
            "max": 1.0,
            "count": 1128
        },
        "AttackBehavior.Losses.PolicyLoss.mean": {
            "value": 0.017716526966250968,
            "min": 0.010917091141891433,
            "max": 0.023964513823739254,
            "count": 1076
        },
        "AttackBehavior.Losses.PolicyLoss.sum": {
            "value": 0.017716526966250968,
            "min": 0.010917091141891433,
            "max": 0.023964513823739254,
            "count": 1076
        },
        "AttackBehavior.Losses.ValueLoss.mean": {
            "value": 0.044322706293314695,
            "min": 0.0070205396739766,
            "max": 0.061649407166987656,
            "count": 1076
        },
        "AttackBehavior.Losses.ValueLoss.sum": {
            "value": 0.044322706293314695,
            "min": 0.0070205396739766,
            "max": 0.061649407166987656,
            "count": 1076
        },
        "AttackBehavior.Policy.LearningRate.mean": {
            "value": 0.0002,
            "min": 0.0002,
            "max": 0.0002,
            "count": 1076
        },
        "AttackBehavior.Policy.LearningRate.sum": {
            "value": 0.0002,
            "min": 0.0002,
            "max": 0.0002,
            "count": 1076
        },
        "AttackBehavior.Policy.Epsilon.mean": {
            "value": 0.15,
            "min": 0.15,
            "max": 0.15,
            "count": 1076
        },
        "AttackBehavior.Policy.Epsilon.sum": {
            "value": 0.15,
            "min": 0.15,
            "max": 0.15,
            "count": 1076
        },
        "AttackBehavior.Policy.Beta.mean": {
            "value": 0.003,
            "min": 0.0029999999999999996,
            "max": 0.003,
            "count": 1076
        },
        "AttackBehavior.Policy.Beta.sum": {
            "value": 0.003,
            "min": 0.0029999999999999996,
            "max": 0.003,
            "count": 1076
        },
        "AttackBehavior.Losses.CuriosityForwardLoss.mean": {
            "value": 0.10216498728841543,
            "min": 0.0354768808465451,
            "max": 0.31524427607655525,
            "count": 1076
        },
        "AttackBehavior.Losses.CuriosityForwardLoss.sum": {
            "value": 0.10216498728841543,
            "min": 0.0354768808465451,
            "max": 0.31524427607655525,
            "count": 1076
        },
        "AttackBehavior.Losses.CuriosityInverseLoss.mean": {
            "value": 2.925605207681656,
            "min": 2.644841766357422,
            "max": 5.036978711684545,
            "count": 1076
        },
        "AttackBehavior.Losses.CuriosityInverseLoss.sum": {
            "value": 2.925605207681656,
            "min": 2.644841766357422,
            "max": 5.036978711684545,
            "count": 1076
        }
    },
    "metadata": {
        "timer_format_version": "0.1.0",
        "start_time_seconds": "1648414770",
        "python_version": "3.8.10 (tags/v3.8.10:3d8993a, May  3 2021, 11:48:03) [MSC v.1928 64 bit (AMD64)]",
        "command_line_arguments": "C:\\Users\\lukma\\AppData\\Local\\Programs\\Python\\Python38\\Scripts\\mlagents-learn attackbehavior.yaml --run-id=Hammer_respawnSym --resume",
        "mlagents_version": "0.26.0",
        "mlagents_envs_version": "0.26.0",
        "communication_protocol_version": "1.5.0",
        "pytorch_version": "1.8.2+cu102",
        "numpy_version": "1.21.3",
        "end_time_seconds": "1648450617"
    },
    "total": 35848.848231300006,
    "count": 1,
    "self": 0.008255800014012493,
    "children": {
        "run_training.setup": {
            "total": 0.10833879999999985,
            "count": 1,
            "self": 0.10833879999999985
        },
        "TrainerController.start_learning": {
            "total": 35848.731636699995,
            "count": 1,
            "self": 14.34563589902973,
            "children": {
                "TrainerController._reset_env": {
                    "total": 15.1049645,
                    "count": 1,
                    "self": 15.1049645
                },
                "TrainerController.advance": {
                    "total": 35819.02278500097,
                    "count": 736193,
                    "self": 14.357942200971593,
                    "children": {
                        "env_step": {
                            "total": 26854.563908598186,
                            "count": 736193,
                            "self": 20018.09126019908,