{
    "name": "root",
    "gauges": {
        "AttackBehavior.Policy.Entropy.mean": {
            "value": 2.855339527130127,
            "min": 2.4408931732177734,
            "max": 3.750572681427002,
            "count": 3388
        },
        "AttackBehavior.Policy.Entropy.sum": {
            "value": 57015.41796875,
            "min": 38526.75,
            "max": 83994.1953125,
            "count": 3388
        },
        "AttackBehavior.Environment.EpisodeLength.mean": {
            "value": 72.17647058823529,
            "min": 63.553333333333335,
            "max": 440.54545454545456,
            "count": 3388
        },
        "AttackBehavior.Environment.EpisodeLength.sum": {
            "value": 19632.0,
            "min": 12010.0,
            "max": 20798.0,
            "count": 3388
        },
        "AttackBehavior.Step.mean": {
            "value": 79999953.0,
            "min": 12259998.0,
            "max": 79999953.0,
            "count": 3388
        },
        "AttackBehavior.Step.sum": {
            "value": 79999953.0,
            "min": 12259998.0,
            "max": 79999953.0,
            "count": 3388
        },
        "AttackBehavior.Policy.ExtrinsicValueEstimate.mean": {
            "value": 0.16305701434612274,
            "min": -0.10297011584043503,
            "max": 0.1990249752998352,
            "count": 3388
        },
        "AttackBehavior.Policy.ExtrinsicValueEstimate.sum": {
            "value": 44.35150909423828,
            "min": -5.676078796386719,
            "max": 57.319190979003906,
            "count": 3388
        },
        "AttackBehavior.Policy.CuriosityValueEstimate.mean": {
            "value": 0.03600555285811424,
            "min": 0.030006954446434975,
            "max": 0.06776244938373566,
            "count": 3388
        },
        "AttackBehavior.Policy.CuriosityValueEstimate.sum": {
            "value": 9.793510437011719,
            "min": 1.6203755140304565,
            "max": 12.936389923095703,
            "count": 3388
        },
        "AttackBehavior.Environment.CumulativeReward.mean": {
            "value": 0.2922794117647059,
            "min": -0.17045454545454544,
            "max": 0.5263157894736842,
            "count": 3388
        },
        "AttackBehavior.Environment.CumulativeReward.sum": {
            "value": 79.5,
            "min": -7.5,
            "max": 129.0,
            "count": 3388
        },
        "AttackBehavior.Policy.ExtrinsicReward.mean": {
            "value": 0.2922794117647059,
            "min": -0.17045454545454544,
            "max": 0.5263157894736842,
            "count": 3388
        },
        "AttackBehavior.Policy.ExtrinsicReward.sum": {
            "value": 79.5,
            "min": -7.5,
            "max": 129.0,
            "count": 3388
        },
        "AttackBehavior.Policy.CuriosityReward.mean": {
            "value": 0.07998578805092942,
            "min": 0.0,
            "max": 0.9555264930335843,
            "count": 3388
        },
        "AttackBehavior.Policy.CuriosityReward.sum": {
            "value": 21.7561343498528,
            "min": 0.0,
            "max": 52.83210524916649,
            "count": 3388
        },
        "AttackBehavior.IsTraining.mean": {
            "value": 1.0,
            "min": 1.0,
            "max": 1.0,
            "count": 3388
        },
        "AttackBehavior.IsTraining.sum": {
            "value": 1.0,
            "min": 1.0,
            "max": 1.0,
            "count": 3388
        },
        "AttackBehavior.Losses.PolicyLoss.mean": {
            "value": 0.01747712781871087,
            "min": 0.009912823684499018,
            "max": 0.02518344377167523,
            "count": 3283
        },
        "AttackBehavior.Losses.PolicyLoss.sum": {
            "value": 0.01747712781871087,
            "min": 0.009912823684499018,
            "max": 0.02518344377167523,
            "count": 3283
        },
        "AttackBehavior.Losses.ValueLoss.mean": {
            "value": 0.09187428653240204,
            "min": 0.000617802825763647,
            "max": 0.10660253278911114,
            "count": 3283
        },
        "AttackBehavior.Losses.ValueLoss.sum": {
            "value": 0.09187428653240204,
            "min": 0.000617802825763647,
            "max": 0.10660253278911114,
            "count": 3283
        },
        "AttackBehavior.Policy.LearningRate.mean": {
            "value": 0.0002,
            "min": 0.0002,
            "max": 0.00020000000000000006,
            "count": 3283
        },
        "AttackBehavior.Policy.LearningRate.sum": {
            "value": 0.0002,
            "min": 0.0002,
            "max": 0.00020000000000000006,
            "count": 3283
        },
        "AttackBehavior.Policy.Epsilon.mean": {
            "value": 0.15,
            "min": 0.15,
            "max": 0.15000000000000002,
            "count": 3283
        },
        "AttackBehavior.Policy.Epsilon.sum": {
            "value": 0.15,
            "min": 0.15,
            "max": 0.15000000000000002,
            "count": 3283
        },
        "AttackBehavior.Policy.Beta.mean": {
            "value": 0.003,
            "min": 0.003,
            "max": 0.003,
            "count": 3283
        },
        "AttackBehavior.Policy.Beta.sum": {
            "value": 0.003,
            "min": 0.003,
            "max": 0.003,
            "count": 3283
        },
        "AttackBehavior.Losses.CuriosityForwardLoss.mean": {
            "value": 0.05334160327911377,
            "min": 0.049301874451339246,
            "max": 2.2809969475492835,
            "count": 3283
        },
        "AttackBehavior.Losses.CuriosityForwardLoss.sum": {
            "value": 0.05334160327911377,
            "min": 0.049301874451339246,
            "max": 2.2809969475492835,
            "count": 3283
        },
        "AttackBehavior.Losses.CuriosityInverseLoss.mean": {
            "value": 1.6773899763822555,
            "min": 1.363807287812233,
            "max": 1.932578843832016,
            "count": 3283
        },
        "AttackBehavior.Losses.CuriosityInverseLoss.sum": {
            "value": 1.6773899763822555,
            "min": 1.363807287812233,
            "max": 1.932578843832016,
            "count": 3283
        }
    },
    "metadata": {
        "timer_format_version": "0.1.0",
        "start_time_seconds": "1647893144",
        "python_version": "3.8.10 (tags/v3.8.10:3d8993a, May  3 2021, 11:48:03) [MSC v.1928 64 bit (AMD64)]",
        "command_line_arguments": "C:\\Users\\lukma\\AppData\\Local\\Programs\\Python\\Python38\\Scripts\\mlagents-learn attackbehavior.yaml --run-id=walk_Shield --resume",
        "mlagents_version": "0.26.0",
        "mlagents_envs_version": "0.26.0",
        "communication_protocol_version": "1.5.0",
        "pytorch_version": "1.8.2+cu102",
        "numpy_version": "1.21.3",
        "end_time_seconds": "1647997612"
    },
    "total": 104468.18966060001,
    "count": 1,
    "self": 0.061351800002739765,
    "children": {
        "run_training.setup": {
            "total": 0.1036459999999999,
            "count": 1,
            "self": 0.1036459999999999
        },
        "TrainerController.start_learning": {
            "total": 104468.0246628,
            "count": 1,
            "self": 47.16250980173936,
            "children": {
                "TrainerController._reset_env": {
                    "total": 19.9945151,
                    "count": 1,
                    "self": 19.9945151
                },
                "TrainerController.advance": {
                    "total": 104400.67461349827,
                    "count": 2380120,
                    "self": 46.25419331196463,
                    "children": {
                        "env_step": {
                            "total": 76735.14516638266,
                            "count": 2380120,
                            "self": 57907.342381593386,