{
    "name": "root",
    "gauges": {
        "Default.Policy.Entropy.mean": {
            "value": 0.44738608598709106,
            "min": 0.44738608598709106,
            "max": 0.8335523009300232,
            "count": 10
        },
        "Default.Policy.Entropy.sum": {
            "value": 22379.146484375,
            "min": 22379.146484375,
            "max": 41860.99609375,
            "count": 10
        },
        "Default.Environment.EpisodeLength.mean": {
            "value": 22.82983794089609,
            "min": 22.67550923732828,
            "max": 23.057720057720058,
            "count": 10
        },
        "Default.Environment.EpisodeLength.sum": {
            "value": 47897.0,
            "min": 47868.0,
            "max": 47942.0,
            "count": 10
        },
        "Default.Policy.ExtrinsicValueEstimate.mean": {
            "value": 1.5942836999893188,
            "min": 0.48970696330070496,
            "max": 1.6311970949172974,
            "count": 10
        },
        "Default.Policy.ExtrinsicValueEstimate.sum": {
            "value": 3344.80712890625,
            "min": 1020.54931640625,
            "max": 3421.764404296875,
            "count": 10
        },
        "Default.Environment.CumulativeReward.mean": {
            "value": 1.6428979963660808,
            "min": -0.7792706386599111,
            "max": 1.6779829538568403,
            "count": 10
        },
        "Default.Environment.CumulativeReward.sum": {
            "value": 3446.7999963760376,
            "min": -1624.0000109672546,
            "max": 3543.8999985456467,
            "count": 10
        },
        "Default.Policy.ExtrinsicReward.mean": {
            "value": 1.6428979963660808,
            "min": -0.7792706386599111,
            "max": 1.6779829538568403,
            "count": 10
        },
        "Default.Policy.ExtrinsicReward.sum": {
            "value": 3446.7999963760376,
            "min": -1624.0000109672546,
            "max": 3543.8999985456467,
            "count": 10
        },
        "Default.Losses.PolicyLoss.mean": {
            "value": 0.02386673032461355,
            "min": 0.021194307079106998,
            "max": 0.02791518821371331,
            "count": 10
        },
        "Default.Losses.PolicyLoss.sum": {
            "value": 0.11933365162306775,
            "min": 0.08477722831642799,
            "max": 0.13957594106856655,
            "count": 10
        },
        "Default.Losses.ValueLoss.mean": {
            "value": 0.403563353617986,
            "min": 0.3926298081874848,
            "max": 1.0635616098841032,
            "count": 10
        },
        "Default.Losses.ValueLoss.sum": {
            "value": 2.01781676808993,
            "min": 1.5947729408740998,
            "max": 4.254246439536413,
            "count": 10
        },
        "Default.Policy.LearningRate.mean": {
            "value": 1.6790014403359995e-05,
            "min": 1.6790014403359995e-05,
            "max": 0.00028457565514145,
            "count": 10
        },
        "Default.Policy.LearningRate.sum": {
            "value": 8.395007201679997e-05,
            "min": 8.395007201679997e-05,
            "max": 0.001284207071931,
            "count": 10
        },
        "Default.Policy.Epsilon.mean": {
            "value": 0.10559663999999999,
            "min": 0.10559663999999999,
            "max": 0.19485855000000002,
            "count": 10
        },
        "Default.Policy.Epsilon.sum": {
            "value": 0.5279832,
            "min": 0.5003954,
            "max": 0.9280689999999999,
            "count": 10
        },
        "Default.Policy.Beta.mean": {
            "value": 0.000289272336,
            "min": 0.000289272336,
            "max": 0.004743441644999999,
            "count": 10
        },
        "Default.Policy.Beta.sum": {
            "value": 0.00144636168,
            "min": 0.00144636168,
            "max": 0.021410643099999998,
            "count": 10
        },
        "Default.IsTraining.mean": {
            "value": 1.0,
            "min": 1.0,
            "max": 1.0,
            "count": 10
        },
        "Default.IsTraining.sum": {
            "value": 1.0,
            "min": 1.0,
            "max": 1.0,
            "count": 10
        }
    },
    "metadata": {
        "timer_format_version": "0.1.0",
        "start_time_seconds": "1632335707",
        "python_version": "3.7.9 (tags/v3.7.9:13c94747c7, Aug 17 2020, 18:58:18) [MSC v.1900 64 bit (AMD64)]",
        "command_line_arguments": "C:\\Users\\Lukmai\\AppData\\Local\\Programs\\Python\\Python37\\Scripts\\mlagents-learn walkingBehavior.yaml --initialize-from=walking_completely",
        "mlagents_version": "0.25.0",
        "mlagents_envs_version": "0.25.0",
        "communication_protocol_version": "1.5.0",
        "pytorch_version": "1.8.2+cu102",
        "numpy_version": "1.19.5",
        "end_time_seconds": "1632336508"
    },
    "total": 800.3907313999999,
    "count": 1,
    "self": 0.020383299999821247,
    "children": {
        "run_training.setup": {
            "total": 0.13786799999999988,
            "count": 1,
            "self": 0.13786799999999988
        },
        "TrainerController.start_learning": {
            "total": 800.2324801000001,
            "count": 1,
            "self": 1.3259727000048542,
            "children": {
                "TrainerController._reset_env": {
                    "total": 19.0483333,
                    "count": 1,
                    "self": 19.0483333
                },
                "TrainerController.advance": {
                    "total": 779.6937262999953,
                    "count": 42754,
                    "self": 0.7409473999994134,
                    "children": {
                        "env_step": {
                            "total": 778.9527788999959,
                            "count": 42754,
                            "self": 558.120505099975,
                            "children": {
                                "SubprocessEnvManager._take_step": {
                                    "total": 220.1619926000153,
                                    "count": 42754,
                                    "self": 2.545548300012655,
                                    "children": {
                                        "TorchPolicy.evaluate": {
                                            "total": 217.61644430000266,
                                            "count": 27798,
                                            "self": 42.67566710001145,
                                            "children": {
                                                "TorchPolicy.sample_actions": {
                                                    "total": 174.9407771999912,
                                                    "count": 27798,
                                                    "self": 174.9407771999912
                                                }
                                            }
                                        }
                                    }
                                },
                                "workers": {
                                    "total": 0.6702812000055722,
                                    "count": 42754,
                                    "self": 0.0,
                                    "children": {
                                        "worker_root": {
                                            "total": 785.6552145000057,
                                            "count": 42754,
                                            "is_parallel": true,
                                            "self": 362.0511160000144,
                                            "children": {
                                                "steps_from_proto": {
                                                    "total": 0.0007534000000006813,
                                                    "count": 1,