{
    "name": "root",
    "gauges": {
        "AttackBehavior.Policy.Entropy.mean": {
            "value": 2.847762107849121,
            "min": 2.3638017177581787,
            "max": 2.9367446899414062,
            "count": 634
        },
        "AttackBehavior.Policy.Entropy.sum": {
            "value": 55861.69921875,
            "min": 7771.5341796875,
            "max": 60804.88671875,
            "count": 634
        },
        "AttackBehavior.Environment.EpisodeLength.mean": {
            "value": 97.92079207920793,
            "min": 85.06666666666666,
            "max": 101.18681318681318,
            "count": 634
        },
        "AttackBehavior.Environment.EpisodeLength.sum": {
            "value": 19780.0,
            "min": 2552.0,
            "max": 20084.0,
            "count": 634
        },
        "AttackBehavior.Step.mean": {
            "value": 39999966.0,
            "min": 27339974.0,
            "max": 39999966.0,
            "count": 634
        },
        "AttackBehavior.Step.sum": {
            "value": 39999966.0,
            "min": 27339974.0,
            "max": 39999966.0,
            "count": 634
        },
        "AttackBehavior.Policy.ExtrinsicValueEstimate.mean": {
            "value": -0.2999533712863922,
            "min": -0.36545395851135254,
            "max": -0.21142323315143585,
            "count": 634
        },
        "AttackBehavior.Policy.ExtrinsicValueEstimate.sum": {
            "value": -60.590579986572266,
            "min": -71.62897491455078,
            "max": -4.182077884674072,
            "count": 634
        },
        "AttackBehavior.Environment.CumulativeReward.mean": {
            "value": -1.0,
            "min": -1.0739795918367347,
            "max": -0.9897959183673469,
            "count": 634
        },
        "AttackBehavior.Environment.CumulativeReward.sum": {
            "value": -202.0,
            "min": -218.0,
            "max": -12.0,
            "count": 634
        },
        "AttackBehavior.Policy.ExtrinsicReward.mean": {
            "value": -1.0,
            "min": -1.0739795918367347,
            "max": -0.9897959183673469,
            "count": 634
        },
        "AttackBehavior.Policy.ExtrinsicReward.sum": {
            "value": -202.0,
            "min": -218.0,
            "max": -12.0,
            "count": 634
        },
        "AttackBehavior.IsTraining.mean": {
            "value": 1.0,
            "min": 1.0,
            "max": 1.0,
            "count": 634
        },
        "AttackBehavior.IsTraining.sum": {
            "value": 1.0,
            "min": 1.0,
            "max": 1.0,
            "count": 634
        },
        "AttackBehavior.Losses.PolicyLoss.mean": {
            "value": 0.0185920289659407,
            "min": 0.011221214541001246,
            "max": 0.02361950441263616,
            "count": 615
        },
        "AttackBehavior.Losses.PolicyLoss.sum": {
            "value": 0.0185920289659407,
            "min": 0.011221214541001246,
            "max": 0.02361950441263616,
            "count": 615
        },
        "AttackBehavior.Losses.ValueLoss.mean": {
            "value": 0.04875003080815077,
            "min": 0.04604801954701543,
            "max": 0.06672014910727739,
            "count": 615
        },
        "AttackBehavior.Losses.ValueLoss.sum": {
            "value": 0.04875003080815077,
            "min": 0.04604801954701543,
            "max": 0.06672014910727739,
            "count": 615
        },
        "AttackBehavior.Policy.LearningRate.mean": {
            "value": 0.0002,
            "min": 0.0002,
            "max": 0.0002,
            "count": 615
        },
        "AttackBehavior.Policy.LearningRate.sum": {
            "value": 0.0002,
            "min": 0.0002,
            "max": 0.0002,
            "count": 615
        },
        "AttackBehavior.Policy.Epsilon.mean": {
            "value": 0.15,
            "min": 0.15,
            "max": 0.15,
            "count": 615
        },
        "AttackBehavior.Policy.Epsilon.sum": {
            "value": 0.15,
            "min": 0.15,
            "max": 0.15,
            "count": 615
        },
        "AttackBehavior.Policy.Beta.mean": {
            "value": 0.003,
            "min": 0.003,
            "max": 0.003,
            "count": 615
        },
        "AttackBehavior.Policy.Beta.sum": {
            "value": 0.003,
            "min": 0.003,
            "max": 0.003,
            "count": 615
        }
    },
    "metadata": {
        "timer_format_version": "0.1.0",
        "start_time_seconds": "1637737313",
        "python_version": "3.8.10 (tags/v3.8.10:3d8993a, May  3 2021, 11:48:03) [MSC v.1928 64 bit (AMD64)]",
        "command_line_arguments": "C:\\Users\\lukma\\AppData\\Local\\Programs\\Python\\Python38\\Scripts\\mlagents-learn attackBehavior.yaml --run-id=attackV01 --resume",
        "mlagents_version": "0.26.0",
        "mlagents_envs_version": "0.26.0",
        "communication_protocol_version": "1.5.0",
        "pytorch_version": "1.8.2+cu102",
        "numpy_version": "1.21.3",
        "end_time_seconds": "1637755645"
    },
    "total": 18331.8914576,
    "count": 1,
    "self": 0.011246399997617118,
    "children": {
        "run_training.setup": {
            "total": 0.19654369999999943,
            "count": 1,
            "self": 0.19654369999999943
        },
        "TrainerController.start_learning": {
            "total": 18331.6836675,
            "count": 1,
            "self": 9.193211300269468,
            "children": {
                "TrainerController._reset_env": {
                    "total": 49.8677926,
                    "count": 1,
                    "self": 49.8677926
                },
                "TrainerController.advance": {
                    "total": 18272.443040299735,
                    "count": 451891,
                    "self": 9.402249799171841,
                    "children": {
                        "env_step": {
                            "total": 14161.394307300263,
                            "count": 451891,
                            "self": 10796.09159330105,
                            "children": {
                                "SubprocessEnvManager._take_step": {
                                    "total": 3359.1423761994347,
                                    "count": 451891,
                                    "self": 53.050571399488945,
                                    "children": {
                                        "TorchPolicy.evaluate": {
                                            "total": 3306.0918047999457,
                                            "count": 791382,
                                            "self": 694.661474899598,
                                            "children": {
                                                "TorchPolicy.sample_actions": {
                                                    "total": 2611.4303299003477,
                                                    "count": 791382,
                                                    "self": 2611.4303299003477
                                                }
                                            }
                                        }
                                    }
                                },
                                "workers": {
                                    "total": 6.160337799779029,
                                    "count": 451891,
                                    "self": 0.0,
                                    "children": {
                                        "worker_root": {
                                            "total": 18268.40838749902,
                                            "count": 451891,
                                            "is_parallel": true,
                                            "self": 8375.063698599108,