{
    "name": "root",
    "metadata": {
        "timer_format_version": "0.1.0",
        "start_time_seconds": "1637144221",
        "python_version": "3.8.10 (tags/v3.8.10:3d8993a, May  3 2021, 11:48:03) [MSC v.1928 64 bit (AMD64)]",
        "command_line_arguments": "C:\\Users\\lukma\\AppData\\Local\\Programs\\Python\\Python38\\Scripts\\mlagents-learn attackBehavior.yaml --run-id=walking_02",
        "mlagents_version": "0.26.0",
        "mlagents_envs_version": "0.26.0",
        "communication_protocol_version": "1.5.0",
        "pytorch_version": "1.8.2+cu102",
        "numpy_version": "1.21.3",
        "end_time_seconds": "1637144257"
    },
    "total": 35.4535851,
    "count": 1,
    "self": 0.006797399999996401,
    "children": {
        "run_training.setup": {
            "total": 0.12460389999999943,
            "count": 1,
            "self": 0.12460389999999943
        },
        "TrainerController.start_learning": {
            "total": 35.322183800000005,
            "count": 1,
            "self": 0.01581839999988688,
            "children": {
                "TrainerController._reset_env": {
                    "total": 19.958761000000003,
                    "count": 1,
                    "self": 19.958761000000003
                },
                "TrainerController.advance": {
                    "total": 14.978252700000116,
                    "count": 733,
                    "self": 0.012856900000379312,
                    "children": {
                        "env_step": {
                            "total": 13.061333999999835,
                            "count": 733,
                            "self": 8.815177899999902,
                            "children": {
                                "SubprocessEnvManager._take_step": {
                                    "total": 4.237824299999943,
                                    "count": 733,
                                    "self": 0.04380389999984402,
                                    "children": {
                                        "TorchPolicy.evaluate": {
                                            "total": 4.194020400000099,
                                            "count": 734,
                                            "self": 0.5980762000000901,
                                            "children": {
                                                "TorchPolicy.sample_actions": {
                                                    "total": 3.595944200000009,
                                                    "count": 734,
                                                    "self": 3.595944200000009
                                                }
                                            }
                                        }
                                    }
                                },
                                "workers": {
                                    "total": 0.008331799999989897,
                                    "count": 733,
                                    "self": 0.0,
                                    "children": {
                                        "worker_root": {
                                            "total": 21.79070120000003,
                                            "count": 733,
                                            "is_parallel": true,
                                            "self": 13.697309600000025,
                                            "children": {
                                                "steps_from_proto": {
                                                    "total": 0.0007391000000005477,
                                                    "count": 2,
                                                    "is_parallel": true,
                                                    "self": 0.00042119999999989943,
                                                    "children": {
                                                        "_process_rank_one_or_two_observation": {
                                                            "total": 0.0003179000000006482,
                                                            "count": 8,
                                                            "is_parallel": true,
                                                            "self": 0.0003179000000006482
                                                        }
                                                    }
                                                },
                                                "UnityEnvironment.step": {
                                                    "total": 8.092652500000003,
                                                    "count": 733,
                                                    "is_parallel": true,
                                                    "self": 0.08144960000002754,
                                                    "children": {
                                                        "UnityEnvironment._generate_step_input": {
                                                            "total": 0.04493219999993414,
                                                            "count": 733,
                                                            "is_parallel": true,
                                                            "self": 0.04493219999993414
                                                        },
                                                        "communicator.exchange": {
                                                            "total": 7.618735500000049,
                                                            "count": 733,
                                                            "is_parallel": true,
                                                            "self": 7.618735500000049
                                                        },
                                                        "steps_from_proto": {
                                                            "total": 0.3475351999999923,
                                                            "count": 1466,
                                                            "is_parallel": true,
                                                            "self": 0.18573829999997926,
                                                            "children": {
                                                                "_process_rank_one_or_two_observation": {
                                                                    "total": 0.161796900000013,
                                                                    "count": 5864,
                                                                    "is_parallel": true,
                                                                    "self": 0.161796900000013
                                                                }
                                                            }
                                                        }
                                                    }
                                                }
                                            }
                                        }
                                    }
                                }
                            }
                        },
                        "trainer_advance": {
                            "total": 1.9040617999999014,
                            "count": 733,
                            "self": 0.014641999999909672,
                            "children": {
                                "process_trajectory": {
                                    "total": 1.8894197999999918,
                                    "count": 733,