{
    "name": "root",
    "gauges": {
        "AttackBehavior.Policy.Entropy.mean": {
            "value": 2.9831268787384033,
            "min": 2.8561670780181885,
            "max": 5.087202072143555,
            "count": 297
        },
        "AttackBehavior.Policy.Entropy.sum": {
            "value": 59567.078125,
            "min": 57123.33984375,
            "max": 116232.390625,
            "count": 297
        },
        "AttackBehavior.Environment.EpisodeLength.mean": {
            "value": 12.053524804177545,
            "min": 11.753512132822477,
            "max": 174.4561403508772,
            "count": 297
        },
        "AttackBehavior.Environment.EpisodeLength.sum": {
            "value": 18466.0,
            "min": 18406.0,
            "max": 19988.0,
            "count": 297
        },
        "AttackBehavior.Step.mean": {
            "value": 5939991.0,
            "min": 19764.0,
            "max": 5939991.0,
            "count": 297
        },
        "AttackBehavior.Step.sum": {
            "value": 5939991.0,
            "min": 19764.0,
            "max": 5939991.0,
            "count": 297
        },
        "AttackBehavior.Policy.ExtrinsicValueEstimate.mean": {
            "value": 0.22633202373981476,
            "min": -0.876661479473114,
            "max": 0.27504828572273254,
            "count": 297
        },
        "AttackBehavior.Policy.ExtrinsicValueEstimate.sum": {
            "value": 346.74066162109375,
            "min": -160.42904663085938,
            "max": 431.27569580078125,
            "count": 297
        },
        "AttackBehavior.Policy.CuriosityValueEstimate.mean": {
            "value": 0.14805541932582855,
            "min": -0.07178670912981033,
            "max": 0.15608440339565277,
            "count": 297
        },
        "AttackBehavior.Policy.CuriosityValueEstimate.sum": {
            "value": 226.82090759277344,
            "min": -8.111898422241211,
            "max": 241.45230102539062,
            "count": 297
        },
        "AttackBehavior.Environment.CumulativeReward.mean": {
            "value": 0.14028591322214112,
            "min": -15.851751945715035,
            "max": 0.18868413719759192,
            "count": 297
        },
        "AttackBehavior.Environment.CumulativeReward.sum": {
            "value": 214.9180190563202,
            "min": -1791.247969865799,
            "max": 280.7619961500168,
            "count": 297
        },
        "AttackBehavior.Policy.ExtrinsicReward.mean": {
            "value": 0.14028591322214112,
            "min": -15.851751945715035,
            "max": 0.18868413719759192,
            "count": 297
        },
        "AttackBehavior.Policy.ExtrinsicReward.sum": {
            "value": 214.9180190563202,
            "min": -1791.247969865799,
            "max": 280.7619961500168,
            "count": 297
        },
        "AttackBehavior.Policy.CuriosityReward.mean": {
            "value": 0.038280917897543267,
            "min": 0.0,
            "max": 0.564314400567148,
            "count": 297
        },
        "AttackBehavior.Policy.CuriosityReward.sum": {
            "value": 58.64636621903628,
            "min": 0.0,
            "max": 75.05381527543068,
            "count": 297
        },
        "AttackBehavior.IsTraining.mean": {
            "value": 1.0,
            "min": 1.0,
            "max": 1.0,
            "count": 297
        },
        "AttackBehavior.IsTraining.sum": {
            "value": 1.0,
            "min": 1.0,
            "max": 1.0,
            "count": 297
        },
        "AttackBehavior.Losses.PolicyLoss.mean": {
            "value": 0.01605131329561118,
            "min": 0.010761679417191772,
            "max": 0.02595316825827467,
            "count": 289
        },
        "AttackBehavior.Losses.PolicyLoss.sum": {
            "value": 0.01605131329561118,
            "min": 0.010761679417191772,
            "max": 0.02595316825827467,
            "count": 289
        },
        "AttackBehavior.Losses.ValueLoss.mean": {
            "value": 0.4128242641687393,
            "min": 0.033777274563908576,
            "max": 1.0113410159945488,
            "count": 289
        },
        "AttackBehavior.Losses.ValueLoss.sum": {
            "value": 0.4128242641687393,
            "min": 0.033777274563908576,
            "max": 1.0113410159945488,
            "count": 289
        },
        "AttackBehavior.Policy.LearningRate.mean": {
            "value": 0.0002,
            "min": 0.0002,
            "max": 0.0002,
            "count": 289
        },
        "AttackBehavior.Policy.LearningRate.sum": {
            "value": 0.0002,
            "min": 0.0002,
            "max": 0.0002,
            "count": 289
        },
        "AttackBehavior.Policy.Epsilon.mean": {
            "value": 0.15,
            "min": 0.15,
            "max": 0.15,
            "count": 289
        },
        "AttackBehavior.Policy.Epsilon.sum": {
            "value": 0.15,
            "min": 0.15,
            "max": 0.15,
            "count": 289
        },
        "AttackBehavior.Policy.Beta.mean": {
            "value": 0.003,
            "min": 0.003,
            "max": 0.003,
            "count": 289
        },
        "AttackBehavior.Policy.Beta.sum": {
            "value": 0.003,
            "min": 0.003,
            "max": 0.003,
            "count": 289
        },
        "AttackBehavior.Losses.CuriosityForwardLoss.mean": {
            "value": 0.14520918764173985,
            "min": 0.029218755848705768,
            "max": 0.5222013872116804,
            "count": 289
        },
        "AttackBehavior.Losses.CuriosityForwardLoss.sum": {
            "value": 0.14520918764173985,
            "min": 0.029218755848705768,
            "max": 0.5222013872116804,
            "count": 289
        },
        "AttackBehavior.Losses.CuriosityInverseLoss.mean": {
            "value": 2.3010057151317596,
            "min": 2.2410244047641754,
            "max": 5.080696988105774,
            "count": 289
        },
        "AttackBehavior.Losses.CuriosityInverseLoss.sum": {
            "value": 2.3010057151317596,
            "min": 2.2410244047641754,
            "max": 5.080696988105774,
            "count": 289
        }
    },
    "metadata": {
        "timer_format_version": "0.1.0",
        "start_time_seconds": "1649504675",
        "python_version": "3.8.10 (tags/v3.8.10:3d8993a, May  3 2021, 11:48:03) [MSC v.1928 64 bit (AMD64)]",
        "command_line_arguments": "C:\\Users\\lukma\\AppData\\Local\\Programs\\Python\\Python38\\Scripts\\mlagents-learn attackbehavior.yaml --run-id=walkNoShield",
        "mlagents_version": "0.26.0",
        "mlagents_envs_version": "0.26.0",
        "communication_protocol_version": "1.5.0",
        "pytorch_version": "1.8.2+cu102",
        "numpy_version": "1.21.3",
        "end_time_seconds": "1649523029"
    },
    "total": 18353.570967400003,
    "count": 1,
    "self": 0.012636100000236183,
    "children": {
        "run_training.setup": {
            "total": 0.12262220000000013,
            "count": 1,
            "self": 0.12262220000000013
        },
        "TrainerController.start_learning": {
            "total": 18353.435709100002,
            "count": 1,
            "self": 9.615618900141271,
            "children": {
                "TrainerController._reset_env": {
                    "total": 9.3739242,
                    "count": 1,
                    "self": 9.3739242
                },
                "TrainerController.advance": {
                    "total": 18334.06864349986,
                    "count": 364791,
                    "self": 8.285281900876726,
                    "children": {
                        "env_step": {
                            "total": 13547.77001269886,
                            "count": 364791,
                            "self": 11565.573188498944,