{
    "name": "root",
    "gauges": {
        "Default.Policy.Entropy.mean": {
            "value": 1.8939765691757202,
            "min": 1.8939765691757202,
            "max": 2.8760900497436523,
            "count": 10
        },
        "Default.Policy.Entropy.sum": {
            "value": 94808.6796875,
            "min": 94808.6796875,
            "max": 145420.859375,
            "count": 10
        },
        "Default.Policy.ExtrinsicValueEstimate.mean": {
            "value": 0.7223402857780457,
            "min": -0.30114567279815674,
            "max": 0.7223402857780457,
            "count": 10
        },
        "Default.Policy.ExtrinsicValueEstimate.sum": {
            "value": 907.2593994140625,
            "min": -243.92799377441406,
            "max": 907.2593994140625,
            "count": 10
        },
        "Default.Environment.EpisodeLength.mean": {
            "value": 50.964546402502606,
            "min": 50.964546402502606,
            "max": 751.4328358208955,
            "count": 10
        },
        "Default.Environment.EpisodeLength.sum": {
            "value": 48875.0,
            "min": 43015.0,
            "max": 54091.0,
            "count": 10
        },
        "Default.Environment.CumulativeReward.mean": {
            "value": 0.9853862212943633,
            "min": -0.014925373134328358,
            "max": 0.9853862212943633,
            "count": 10
        },
        "Default.Environment.CumulativeReward.sum": {
            "value": 944.0,
            "min": -1.0,
            "max": 944.0,
            "count": 10
        },
        "Default.Policy.ExtrinsicReward.mean": {
            "value": 0.9853862212943633,
            "min": -0.014925373134328358,
            "max": 0.9853862212943633,
            "count": 10
        },
        "Default.Policy.ExtrinsicReward.sum": {
            "value": 944.0,
            "min": -1.0,
            "max": 944.0,
            "count": 10
        },
        "Default.Losses.PolicyLoss.mean": {
            "value": 0.022334501221776007,
            "min": 0.02074745379407735,
            "max": 0.02667819674194713,
            "count": 10
        },
        "Default.Losses.PolicyLoss.sum": {
            "value": 0.11167250610888003,
            "min": 0.08776845424630059,
            "max": 0.13155318107649994,
            "count": 10
        },
        "Default.Losses.ValueLoss.mean": {
            "value": 0.014630972115943826,
            "min": 0.0017575649699817103,
            "max": 0.03771035961496333,
            "count": 10
        },
        "Default.Losses.ValueLoss.sum": {
            "value": 0.07315486057971914,
            "min": 0.008787824849908551,
            "max": 0.16680890029917161,
            "count": 10
        },
        "Default.Policy.LearningRate.mean": {
            "value": 1.556013481332e-05,
            "min": 1.556013481332e-05,
            "max": 0.00028406655531114996,
            "count": 10
        },
        "Default.Policy.LearningRate.sum": {
            "value": 7.780067406659999e-05,
            "min": 7.780067406659999e-05,
            "max": 0.0012796146734618,
            "count": 10
        },
        "Default.Policy.Epsilon.mean": {
            "value": 0.10518668,
            "min": 0.10518668,
            "max": 0.19468884999999997,
            "count": 10
        },
        "Default.Policy.Epsilon.sum": {
            "value": 0.5259334,
            "min": 0.5259334,
            "max": 0.9265382000000001,
            "count": 10
        },
        "Default.Policy.Beta.mean": {
            "value": 0.0002688153320000001,
            "min": 0.0002688153320000001,
            "max": 0.0047349736150000005,
            "count": 10
        },
        "Default.Policy.Beta.sum": {
            "value": 0.0013440766600000004,
            "min": 0.0013440766600000004,
            "max": 0.021334256179999993,
            "count": 10
        },
        "Default.IsTraining.mean": {
            "value": 1.0,
            "min": 1.0,
            "max": 1.0,
            "count": 10
        },
        "Default.IsTraining.sum": {
            "value": 1.0,
            "min": 1.0,
            "max": 1.0,
            "count": 10
        }
    },
    "metadata": {
        "timer_format_version": "0.1.0",
        "start_time_seconds": "1632328173",
        "python_version": "3.7.9 (tags/v3.7.9:13c94747c7, Aug 17 2020, 18:58:18) [MSC v.1900 64 bit (AMD64)]",
        "command_line_arguments": "C:\\Users\\Lukmai\\AppData\\Local\\Programs\\Python\\Python37\\Scripts\\mlagents-learn walkingBehavior.yaml --run-id walking",
        "mlagents_version": "0.25.0",
        "mlagents_envs_version": "0.25.0",
        "communication_protocol_version": "1.5.0",
        "pytorch_version": "1.8.2+cu102",
        "numpy_version": "1.19.5",
        "end_time_seconds": "1632329539"
    },
    "total": 1366.6345529999999,
    "count": 1,
    "self": 1.1505231999999523,
    "children": {
        "run_training.setup": {
            "total": 0.10330079999999997,
            "count": 1,
            "self": 0.10330079999999997
        },
        "TrainerController.start_learning": {
            "total": 1365.380729,
            "count": 1,
            "self": 0.860962700005075,
            "children": {
                "TrainerController._reset_env": {
                    "total": 10.196294100000001,
                    "count": 1,
                    "self": 10.196294100000001
                },
                "TrainerController.advance": {
                    "total": 1354.079711699995,
                    "count": 30488,
                    "self": 0.47004039999114866,
                    "children": {
                        "env_step": {
                            "total": 1353.6096713000038,
                            "count": 30488,
                            "self": 1137.1561364000277,
                            "children": {
                                "SubprocessEnvManager._take_step": {
                                    "total": 216.01806649998633,
                                    "count": 30488,
                                    "self": 2.060405999993179,
                                    "children": {
                                        "TorchPolicy.evaluate": {
                                            "total": 213.95766049999315,
                                            "count": 27813,
                                            "self": 43.62521159999267,
                                            "children": {
                                                "TorchPolicy.sample_actions": {
                                                    "total": 170.3324489000005,
                                                    "count": 27813,
                                                    "self": 170.3324489000005
                                                }
                                            }
                                        }
                                    }
                                },
                                "workers": {
                                    "total": 0.4354683999898672,
                                    "count": 30488,
                                    "self": 0.0,
                                    "children": {
                                        "worker_root": {
                                            "total": 1357.5725709000137,
                                            "count": 30488,
                                            "is_parallel": true,
                                            "self": 289.5920020000292,
                                            "children": {
                                                "steps_from_proto": {
                                                    "total": 0.0007282000000001787,
                                                    "count": 1,