{
    "name": "root",
    "gauges": {
        "AttackBehavior.Policy.Entropy.mean": {
            "value": 3.1612870693206787,
            "min": 3.0233848094940186,
            "max": 5.086711883544922,
            "count": 809
        },
        "AttackBehavior.Policy.Entropy.sum": {
            "value": 63529.2265625,
            "min": 59113.21875,
            "max": 130219.828125,
            "count": 809
        },
        "AttackBehavior.Environment.EpisodeLength.mean": {
            "value": 44.76255707762557,
            "min": 33.48965517241379,
            "max": 422.25,
            "count": 809
        },
        "AttackBehavior.Environment.EpisodeLength.sum": {
            "value": 19606.0,
            "min": 12768.0,
            "max": 25536.0,
            "count": 809
        },
        "AttackBehavior.Step.mean": {
            "value": 16179984.0,
            "min": 19600.0,
            "max": 16179984.0,
            "count": 809
        },
        "AttackBehavior.Step.sum": {
            "value": 16179984.0,
            "min": 19600.0,
            "max": 16179984.0,
            "count": 809
        },
        "AttackBehavior.Policy.ExtrinsicValueEstimate.mean": {
            "value": 0.17098361253738403,
            "min": -0.12352500855922699,
            "max": 0.2226538062095642,
            "count": 809
        },
        "AttackBehavior.Policy.ExtrinsicValueEstimate.sum": {
            "value": 74.89082336425781,
            "min": -6.592599868774414,
            "max": 127.80328369140625,
            "count": 809
        },
        "AttackBehavior.Environment.CumulativeReward.mean": {
            "value": 0.2632876982971958,
            "min": -2.119125003616015,
            "max": 0.32958623972432366,
            "count": 809
        },
        "AttackBehavior.Environment.CumulativeReward.sum": {
            "value": 115.32001185417175,
            "min": -103.19400072097778,
            "max": 191.16001904010773,
            "count": 809
        },
        "AttackBehavior.Policy.ExtrinsicReward.mean": {
            "value": 0.2632876982971958,
            "min": -2.119125003616015,
            "max": 0.32958623972432366,
            "count": 809
        },
        "AttackBehavior.Policy.ExtrinsicReward.sum": {
            "value": 115.32001185417175,
            "min": -103.19400072097778,
            "max": 191.16001904010773,
            "count": 809
        },
        "AttackBehavior.IsTraining.mean": {
            "value": 1.0,
            "min": 1.0,
            "max": 1.0,
            "count": 809
        },
        "AttackBehavior.IsTraining.sum": {
            "value": 1.0,
            "min": 1.0,
            "max": 1.0,
            "count": 809
        },
        "AttackBehavior.Losses.PolicyLoss.mean": {
            "value": 0.014751257139687368,
            "min": 0.010103793401503936,
            "max": 0.022537598057533616,
            "count": 784
        },
        "AttackBehavior.Losses.PolicyLoss.sum": {
            "value": 0.014751257139687368,
            "min": 0.010103793401503936,
            "max": 0.022537598057533616,
            "count": 784
        },
        "AttackBehavior.Losses.ValueLoss.mean": {
            "value": 0.19295863509178163,
            "min": 9.179633972659455e-05,
            "max": 0.2671174954622984,
            "count": 784
        },
        "AttackBehavior.Losses.ValueLoss.sum": {
            "value": 0.19295863509178163,
            "min": 9.179633972659455e-05,
            "max": 0.2671174954622984,
            "count": 784
        },
        "AttackBehavior.Policy.LearningRate.mean": {
            "value": 0.0002,
            "min": 0.0002,
            "max": 0.00020000000000000006,
            "count": 784
        },
        "AttackBehavior.Policy.LearningRate.sum": {
            "value": 0.0002,
            "min": 0.0002,
            "max": 0.00020000000000000006,
            "count": 784
        },
        "AttackBehavior.Policy.Epsilon.mean": {
            "value": 0.15,
            "min": 0.15,
            "max": 0.15000000000000002,
            "count": 784
        },
        "AttackBehavior.Policy.Epsilon.sum": {
            "value": 0.15,
            "min": 0.15,
            "max": 0.15000000000000002,
            "count": 784
        },
        "AttackBehavior.Policy.Beta.mean": {
            "value": 0.003,
            "min": 0.0029999999999999996,
            "max": 0.003,
            "count": 784
        },
        "AttackBehavior.Policy.Beta.sum": {
            "value": 0.003,
            "min": 0.0029999999999999996,
            "max": 0.003,
            "count": 784
        }
    },
    "metadata": {
        "timer_format_version": "0.1.0",
        "start_time_seconds": "1646119035",
        "python_version": "3.8.10 (tags/v3.8.10:3d8993a, May  3 2021, 11:48:03) [MSC v.1928 64 bit (AMD64)]",
        "command_line_arguments": "C:\\Users\\lukma\\AppData\\Local\\Programs\\Python\\Python38\\Scripts\\mlagents-learn attackbehavior.yaml --run-id=Walk_NewObservation_decreaseReward --time-scale=10 --no-graphics",
        "mlagents_version": "0.26.0",
        "mlagents_envs_version": "0.26.0",
        "communication_protocol_version": "1.5.0",
        "pytorch_version": "1.8.2+cu102",
        "numpy_version": "1.21.3",
        "end_time_seconds": "1646144501"
    },
    "total": 25465.302142099998,
    "count": 1,
    "self": 0.008028399995964719,
    "children": {
        "run_training.setup": {
            "total": 0.09857990000000005,
            "count": 1,
            "self": 0.09857990000000005
        },
        "TrainerController.start_learning": {
            "total": 25465.1955338,
            "count": 1,
            "self": 12.867347398158017,
            "children": {
                "TrainerController._reset_env": {
                    "total": 8.0388695,
                    "count": 1,
                    "self": 8.0388695
                },
                "TrainerController.advance": {
                    "total": 25444.037071001843,
                    "count": 627285,
                    "self": 13.255351102285204,
                    "children": {
                        "env_step": {
                            "total": 19871.4922819996,
                            "count": 627285,
                            "self": 14690.897035399956,
                            "children": {
                                "SubprocessEnvManager._take_step": {
                                    "total": 5172.091547300391,
                                    "count": 627285,
                                    "self": 73.75003020308759,
                                    "children": {
                                        "TorchPolicy.evaluate": {
                                            "total": 5098.341517097303,
                                            "count": 1011398,
                                            "self": 904.7170411971911,
                                            "children": {
                                                "TorchPolicy.sample_actions": {
                                                    "total": 4193.624475900112,
                                                    "count": 1011398,
                                                    "self": 4193.624475900112
                                                }
                                            }
                                        }
                                    }
                                },
                                "workers": {
                                    "total": 8.503699299252897,
                                    "count": 627284,
                                    "self": 0.0,
                                    "children": {
                                        "worker_root": {
                                            "total": 25437.988288999884,
                                            "count": 627284,