{
    "name": "root",
    "gauges": {
        "AttackBehavior.Policy.Entropy.mean": {
            "value": 3.220660448074341,
            "min": 3.0257160663604736,
            "max": 3.6635708808898926,
            "count": 321
        },
        "AttackBehavior.Policy.Entropy.sum": {
            "value": 65031.57421875,
            "min": 23446.853515625,
            "max": 74776.4609375,
            "count": 321
        },
        "AttackBehavior.Environment.EpisodeLength.mean": {
            "value": 56.310344827586206,
            "min": 53.09782608695652,
            "max": 84.96581196581197,
            "count": 321
        },
        "AttackBehavior.Environment.EpisodeLength.sum": {
            "value": 19596.0,
            "min": 5914.0,
            "max": 20114.0,
            "count": 321
        },
        "AttackBehavior.Step.mean": {
            "value": 18159976.0,
            "min": 11759918.0,
            "max": 18159976.0,
            "count": 321
        },
        "AttackBehavior.Step.sum": {
            "value": 18159976.0,
            "min": 11759918.0,
            "max": 18159976.0,
            "count": 321
        },
        "AttackBehavior.Policy.ExtrinsicValueEstimate.mean": {
            "value": 0.2820797860622406,
            "min": 0.1430608630180359,
            "max": 0.28439196944236755,
            "count": 321
        },
        "AttackBehavior.Policy.ExtrinsicValueEstimate.sum": {
            "value": 98.72792053222656,
            "min": 14.374906539916992,
            "max": 98.72792053222656,
            "count": 321
        },
        "AttackBehavior.Environment.CumulativeReward.mean": {
            "value": 0.9436342184032712,
            "min": 0.4617458133668196,
            "max": 0.9630864928017802,
            "count": 321
        },
        "AttackBehavior.Environment.CumulativeReward.sum": {
            "value": 330.27197644114494,
            "min": 42.35899582505226,
            "max": 332.04597839713097,
            "count": 321
        },
        "AttackBehavior.Policy.ExtrinsicReward.mean": {
            "value": 0.9436342184032712,
            "min": 0.4617458133668196,
            "max": 0.9630864928017802,
            "count": 321
        },
        "AttackBehavior.Policy.ExtrinsicReward.sum": {
            "value": 330.27197644114494,
            "min": 42.35899582505226,
            "max": 332.04597839713097,
            "count": 321
        },
        "AttackBehavior.IsTraining.mean": {
            "value": 1.0,
            "min": 1.0,
            "max": 1.0,
            "count": 321
        },
        "AttackBehavior.IsTraining.sum": {
            "value": 1.0,
            "min": 1.0,
            "max": 1.0,
            "count": 321
        },
        "AttackBehavior.Losses.PolicyLoss.mean": {
            "value": 0.021457528341488796,
            "min": 0.011831912893103435,
            "max": 0.023545916399598354,
            "count": 311
        },
        "AttackBehavior.Losses.PolicyLoss.sum": {
            "value": 0.021457528341488796,
            "min": 0.011831912893103435,
            "max": 0.023545916399598354,
            "count": 311
        },
        "AttackBehavior.Losses.ValueLoss.mean": {
            "value": 0.27203383222222327,
            "min": 0.07755988063290715,
            "max": 0.30619792118668554,
            "count": 311
        },
        "AttackBehavior.Losses.ValueLoss.sum": {
            "value": 0.27203383222222327,
            "min": 0.07755988063290715,
            "max": 0.30619792118668554,
            "count": 311
        },
        "AttackBehavior.Policy.LearningRate.mean": {
            "value": 0.0002,
            "min": 0.0002,
            "max": 0.0002,
            "count": 311
        },
        "AttackBehavior.Policy.LearningRate.sum": {
            "value": 0.0002,
            "min": 0.0002,
            "max": 0.0002,
            "count": 311
        },
        "AttackBehavior.Policy.Epsilon.mean": {
            "value": 0.15,
            "min": 0.15,
            "max": 0.15,
            "count": 311
        },
        "AttackBehavior.Policy.Epsilon.sum": {
            "value": 0.15,
            "min": 0.15,
            "max": 0.15,
            "count": 311
        },
        "AttackBehavior.Policy.Beta.mean": {
            "value": 0.003,
            "min": 0.003,
            "max": 0.003,
            "count": 311
        },
        "AttackBehavior.Policy.Beta.sum": {
            "value": 0.003,
            "min": 0.003,
            "max": 0.003,
            "count": 311
        }
    },
    "metadata": {
        "timer_format_version": "0.1.0",
        "start_time_seconds": "1645546798",
        "python_version": "3.8.10 (tags/v3.8.10:3d8993a, May  3 2021, 11:48:03) [MSC v.1928 64 bit (AMD64)]",
        "command_line_arguments": "C:\\Users\\lukma\\AppData\\Local\\Programs\\Python\\Python38\\Scripts\\mlagents-learn attackbehavior.yaml --initialize-from=Walk_NoShield_1 --no-graphics --time-scale=10 --resume",
        "mlagents_version": "0.26.0",
        "mlagents_envs_version": "0.26.0",
        "communication_protocol_version": "1.5.0",
        "pytorch_version": "1.8.2+cu102",
        "numpy_version": "1.21.3",
        "end_time_seconds": "1645559873"
    },
    "total": 13074.7845891,
    "count": 1,
    "self": 0.0053650999998353655,
    "children": {
        "run_training.setup": {
            "total": 0.11573319999999998,
            "count": 1,
            "self": 0.11573319999999998
        },
        "TrainerController.start_learning": {
            "total": 13074.6634908,
            "count": 1,
            "self": 4.921371400170756,
            "children": {
                "TrainerController._reset_env": {
                    "total": 52.9979943,
                    "count": 1,
                    "self": 52.9979943
                },
                "TrainerController.advance": {
                    "total": 13016.496354599829,
                    "count": 236972,
                    "self": 5.049236399698202,
                    "children": {
                        "env_step": {
                            "total": 10923.074038699995,
                            "count": 236972,
                            "self": 9023.827377399914,
                            "children": {
                                "SubprocessEnvManager._take_step": {
                                    "total": 1896.0443448997914,
                                    "count": 236972,
                                    "self": 27.740749200039545,
                                    "children": {
                                        "TorchPolicy.evaluate": {
                                            "total": 1868.303595699752,
                                            "count": 401469,
                                            "self": 332.5863663001371,
                                            "children": {
                                                "TorchPolicy.sample_actions": {
                                                    "total": 1535.7172293996148,
                                                    "count": 401468,
                                                    "self": 1535.7172293996148
                                                }
                                            }
                                        }
                                    }
                                },
                                "workers": {
                                    "total": 3.2023164002890994,
                                    "count": 236971,
                                    "self": 0.0,
                                    "children": {
                                        "worker_root": {
                                            "total": 13015.39752919957,
                                            "count": 236971,
                                            "is_parallel": true,