{
    "name": "root",
    "gauges": {
        "AttackBehavior.Policy.Entropy.mean": {
            "value": 3.5561559200286865,
            "min": 2.4325506687164307,
            "max": 3.634326457977295,
            "count": 310
        },
        "AttackBehavior.Policy.Entropy.sum": {
            "value": 72261.0859375,
            "min": 8047.21533203125,
            "max": 76377.6484375,
            "count": 310
        },
        "AttackBehavior.Environment.EpisodeLength.mean": {
            "value": 102.14432989690722,
            "min": 21.62264150943396,
            "max": 149.12121212121212,
            "count": 310
        },
        "AttackBehavior.Environment.EpisodeLength.sum": {
            "value": 19816.0,
            "min": 2292.0,
            "max": 20348.0,
            "count": 310
        },
        "AttackBehavior.Step.mean": {
            "value": 11739900.0,
            "min": 5559996.0,
            "max": 11739900.0,
            "count": 310
        },
        "AttackBehavior.Step.sum": {
            "value": 11739900.0,
            "min": 5559996.0,
            "max": 11739900.0,
            "count": 310
        },
        "AttackBehavior.Policy.ExtrinsicValueEstimate.mean": {
            "value": 0.24275872111320496,
            "min": 0.2245819866657257,
            "max": 0.43925291299819946,
            "count": 310
        },
        "AttackBehavior.Policy.ExtrinsicValueEstimate.sum": {
            "value": 46.85243225097656,
            "min": 31.22272491455078,
            "max": 316.70135498046875,
            "count": 310
        },
        "AttackBehavior.Environment.CumulativeReward.mean": {
            "value": 1.3490258223652223,
            "min": 0.6261093028704815,
            "max": 1.6756135569603154,
            "count": 310
        },
        "AttackBehavior.Environment.CumulativeReward.sum": {
            "value": 260.3619837164879,
            "min": 95.06499272584915,
            "max": 628.3639449477196,
            "count": 310
        },
        "AttackBehavior.Policy.ExtrinsicReward.mean": {
            "value": 1.3490258223652223,
            "min": 0.6261093028704815,
            "max": 1.6756135569603154,
            "count": 310
        },
        "AttackBehavior.Policy.ExtrinsicReward.sum": {
            "value": 260.3619837164879,
            "min": 95.06499272584915,
            "max": 628.3639449477196,
            "count": 310
        },
        "AttackBehavior.IsTraining.mean": {
            "value": 1.0,
            "min": 1.0,
            "max": 1.0,
            "count": 310
        },
        "AttackBehavior.IsTraining.sum": {
            "value": 1.0,
            "min": 1.0,
            "max": 1.0,
            "count": 310
        },
        "AttackBehavior.Losses.PolicyLoss.mean": {
            "value": 0.016016548885090742,
            "min": 0.011071570174681255,
            "max": 0.024077512849180492,
            "count": 300
        },
        "AttackBehavior.Losses.PolicyLoss.sum": {
            "value": 0.016016548885090742,
            "min": 0.011071570174681255,
            "max": 0.024077512849180492,
            "count": 300
        },
        "AttackBehavior.Losses.ValueLoss.mean": {
            "value": 0.14071134030818938,
            "min": 0.08136621154844761,
            "max": 0.7116230979561806,
            "count": 300
        },
        "AttackBehavior.Losses.ValueLoss.sum": {
            "value": 0.14071134030818938,
            "min": 0.08136621154844761,
            "max": 0.7116230979561806,
            "count": 300
        },
        "AttackBehavior.Policy.LearningRate.mean": {
            "value": 0.0002,
            "min": 0.0002,
            "max": 0.0002,
            "count": 300
        },
        "AttackBehavior.Policy.LearningRate.sum": {
            "value": 0.0002,
            "min": 0.0002,
            "max": 0.0002,
            "count": 300
        },
        "AttackBehavior.Policy.Epsilon.mean": {
            "value": 0.15,
            "min": 0.15,
            "max": 0.15,
            "count": 300
        },
        "AttackBehavior.Policy.Epsilon.sum": {
            "value": 0.15,
            "min": 0.15,
            "max": 0.15,
            "count": 300
        },
        "AttackBehavior.Policy.Beta.mean": {
            "value": 0.003,
            "min": 0.003,
            "max": 0.003,
            "count": 300
        },
        "AttackBehavior.Policy.Beta.sum": {
            "value": 0.003,
            "min": 0.003,
            "max": 0.003,
            "count": 300
        }
    },
    "metadata": {
        "timer_format_version": "0.1.0",
        "start_time_seconds": "1645469167",
        "python_version": "3.8.10 (tags/v3.8.10:3d8993a, May  3 2021, 11:48:03) [MSC v.1928 64 bit (AMD64)]",
        "command_line_arguments": "C:\\Users\\lukma\\AppData\\Local\\Programs\\Python\\Python38\\Scripts\\mlagents-learn attackbehavior.yaml --run-id=Walk_NoShield_1 --no-graphics --time-scale=10 --resume",
        "mlagents_version": "0.26.0",
        "mlagents_envs_version": "0.26.0",
        "communication_protocol_version": "1.5.0",
        "pytorch_version": "1.8.2+cu102",
        "numpy_version": "1.21.3",
        "end_time_seconds": "1645483540"
    },
    "total": 14373.272081500001,
    "count": 1,
    "self": 0.005182100001547951,
    "children": {
        "run_training.setup": {
            "total": 0.10413080000000008,
            "count": 1,
            "self": 0.10413080000000008
        },
        "TrainerController.start_learning": {
            "total": 14373.1627686,
            "count": 1,
            "self": 4.793645599902447,
            "children": {
                "TrainerController._reset_env": {
                    "total": 14.9445598,
                    "count": 1,
                    "self": 14.9445598
                },
                "TrainerController.advance": {
                    "total": 14353.157952600095,
                    "count": 236738,
                    "self": 4.690384399604227,
                    "children": {
                        "env_step": {
                            "total": 12263.852093800051,
                            "count": 236738,
                            "self": 10503.336437100263,
                            "children": {
                                "SubprocessEnvManager._take_step": {
                                    "total": 1757.5192358996414,
                                    "count": 236738,
                                    "self": 23.41409990017428,
                                    "children": {
                                        "TorchPolicy.evaluate": {
                                            "total": 1734.1051359994672,
                                            "count": 387452,
                                            "self": 298.89050139953247,
                                            "children": {
                                                "TorchPolicy.sample_actions": {
                                                    "total": 1435.2146345999347,
                                                    "count": 387452,
                                                    "self": 1435.2146345999347
                                                }
                                            }
                                        }
                                    }
                                },
                                "workers": {
                                    "total": 2.9964208001470354,
                                    "count": 236737,
                                    "self": 0.0,
                                    "children": {
                                        "worker_root": {
                                            "total": 14352.225487100088,
                                            "count": 236737,
                                            "is_parallel": true,