{"cameraMode":{"drawMode":0,"name":"Shaded","section":"Shading Mode"},"sceneLighting":true,"audioPlay":false,"sceneViewState":{"m_AlwaysRefresh":false,"showFog":true,"showSkybox":true,"showFlares":true,"showImageEffects":true,"showParticleSystems":true,"showVisualEffectGraphs":true,"m_FxEnabled":true},"in2DMode":false,"pivot":{"x":0.5836510062217712,"y":0.9439264535903931,"z":-0.04479387402534485},"rotation":{"x":-0.006858862936496735,"y":-0.9927014708518982,"z":0.09443672746419907,"w":-0.07702391594648361},"size":0.09088493138551712,"orthographic":false}