{"cameraMode":{"drawMode":0,"name":"Shaded","section":"Shading Mode"},"sceneLighting":true,"audioPlay":false,"sceneViewState":{"m_AlwaysRefresh":false,"showFog":true,"showSkybox":true,"showFlares":true,"showImageEffects":true,"showParticleSystems":true,"showVisualEffectGraphs":true,"m_FxEnabled":true},"in2DMode":false,"pivot":{"x":-0.011541366577148438,"y":1.3087587356567383,"z":0.21865367889404298},"rotation":{"x":-0.2616966664791107,"y":-0.1580853909254074,"z":0.04349547624588013,"w":-0.9511273503303528},"size":12.12435531616211,"orthographic":false}